time,open,high,low,close,Volume,Volume MA
2023-07-21T18:55:00+08:00,2.893,2.893,2.885,2.886,NaN,NaN
2023-07-21T19:05:00+08:00,2.887,2.887,2.885,2.885,NaN,NaN
2023-07-21T19:10:00+08:00,2.889,2.895,2.889,2.891,NaN,NaN
2023-07-21T19:20:00+08:00,2.888,2.888,2.884,2.887,NaN,NaN
2023-07-21T19:25:00+08:00,2.887,2.887,2.88,2.885,NaN,NaN
2023-07-21T19:30:00+08:00,2.887,2.887,2.887,2.887,NaN,NaN
2023-07-21T19:35:00+08:00,2.889,2.891,2.885,2.885,NaN,NaN
2023-07-21T19:40:00+08:00,2.885,2.885,2.883,2.883,NaN,NaN
2023-07-21T19:45:00+08:00,2.884,2.889,2.884,2.889,NaN,NaN
2023-07-21T19:50:00+08:00,2.889,2.892,2.889,2.892,NaN,NaN
2023-07-21T19:55:00+08:00,2.889,2.889,2.885,2.885,NaN,NaN
2023-07-21T20:00:00+08:00,2.89,2.901,2.888,2.901,NaN,NaN
2023-07-21T20:05:00+08:00,2.901,2.903,2.898,2.899,NaN,NaN
2023-07-21T20:10:00+08:00,2.898,2.898,2.895,2.896,NaN,NaN
2023-07-21T20:20:00+08:00,2.896,2.898,2.895,2.895,NaN,NaN
2023-07-21T20:25:00+08:00,2.89,2.892,2.889,2.892,NaN,NaN
2023-07-21T20:30:00+08:00,2.895,2.899,2.895,2.899,NaN,NaN
2023-07-21T20:35:00+08:00,2.895,2.898,2.895,2.898,NaN,NaN
2023-07-21T20:40:00+08:00,2.896,2.896,2.893,2.893,NaN,NaN
2023-07-21T20:45:00+08:00,2.894,2.894,2.894,2.894,NaN,NaN
2023-07-21T20:50:00+08:00,2.894,2.894,2.894,2.894,NaN,NaN
2023-07-21T20:55:00+08:00,2.892,2.892,2.892,2.892,NaN,NaN
2023-07-21T21:00:00+08:00,2.891,2.893,2.89,2.893,NaN,NaN
2023-07-21T21:05:00+08:00,2.893,2.893,2.888,2.888,NaN,NaN
2023-07-21T21:10:00+08:00,2.889,2.889,2.886,2.886,NaN,NaN
2023-07-21T21:15:00+08:00,2.885,2.895,2.885,2.892,NaN,NaN
2023-07-21T21:20:00+08:00,2.89,2.895,2.887,2.889,NaN,NaN
2023-07-21T21:25:00+08:00,2.887,2.889,2.885,2.885,NaN,NaN
2023-07-21T21:30:00+08:00,2.886,2.889,2.886,2.889,NaN,NaN
2023-07-21T21:35:00+08:00,2.888,2.897,2.887,2.895,NaN,NaN
2023-07-21T21:40:00+08:00,2.891,2.893,2.886,2.891,NaN,NaN
2023-07-21T21:45:00+08:00,2.894,2.894,2.886,2.887,NaN,NaN
2023-07-21T21:50:00+08:00,2.887,2.891,2.886,2.886,NaN,NaN
2023-07-21T21:55:00+08:00,2.887,2.89,2.886,2.89,NaN,NaN
2023-07-21T22:00:00+08:00,2.886,2.886,2.882,2.882,NaN,NaN
2023-07-21T22:10:00+08:00,2.884,2.888,2.882,2.888,NaN,NaN
2023-07-21T22:15:00+08:00,2.889,2.918,2.889,2.912,NaN,NaN
2023-07-21T22:20:00+08:00,2.912,2.921,2.908,2.921,NaN,NaN
2023-07-21T22:25:00+08:00,2.913,2.913,2.905,2.913,NaN,NaN
2023-07-21T22:30:00+08:00,2.912,2.912,2.909,2.91,NaN,NaN
2023-07-21T22:35:00+08:00,2.91,2.915,2.91,2.912,NaN,NaN
2023-07-21T22:40:00+08:00,2.917,2.928,2.917,2.925,NaN,NaN
2023-07-21T22:45:00+08:00,2.925,2.925,2.92,2.92,NaN,NaN
2023-07-21T22:50:00+08:00,2.92,2.92,2.907,2.907,NaN,NaN
2023-07-21T22:55:00+08:00,2.908,2.908,2.908,2.908,NaN,NaN
2023-07-21T23:00:00+08:00,2.908,2.913,2.902,2.902,NaN,NaN
2023-07-21T23:05:00+08:00,2.899,2.9,2.89,2.898,NaN,NaN
2023-07-21T23:10:00+08:00,2.895,2.896,2.891,2.891,NaN,NaN
2023-07-21T23:15:00+08:00,2.895,2.898,2.895,2.895,NaN,NaN
2023-07-21T23:20:00+08:00,2.895,2.895,2.89,2.895,NaN,NaN
2023-07-21T23:25:00+08:00,2.894,2.896,2.892,2.896,NaN,NaN
2023-07-21T23:30:00+08:00,2.896,2.896,2.896,2.896,NaN,NaN
2023-07-21T23:35:00+08:00,2.896,2.898,2.896,2.898,NaN,NaN
2023-07-21T23:40:00+08:00,2.899,2.901,2.898,2.901,NaN,NaN
2023-07-21T23:45:00+08:00,2.898,2.898,2.892,2.898,NaN,NaN
2023-07-21T23:55:00+08:00,2.898,2.898,2.898,2.898,NaN,NaN
2023-07-22T00:00:00+08:00,2.896,2.899,2.895,2.899,NaN,NaN
2023-07-22T00:05:00+08:00,2.895,2.899,2.894,2.894,NaN,NaN
2023-07-22T00:10:00+08:00,2.895,2.895,2.894,2.894,NaN,NaN
2023-07-22T00:15:00+08:00,2.894,2.895,2.891,2.892,NaN,NaN
2023-07-22T00:20:00+08:00,2.895,2.895,2.895,2.895,NaN,NaN
2023-07-22T00:25:00+08:00,2.894,2.899,2.894,2.899,NaN,NaN
2023-07-22T00:30:00+08:00,2.899,2.899,2.899,2.899,NaN,NaN
2023-07-22T00:35:00+08:00,2.897,2.901,2.89,2.895,NaN,NaN
2023-07-22T00:45:00+08:00,2.895,2.901,2.895,2.901,NaN,NaN
2023-07-22T00:50:00+08:00,2.901,2.901,2.901,2.901,NaN,NaN
2023-07-22T00:55:00+08:00,2.901,2.901,2.898,2.898,NaN,NaN
2023-07-22T01:00:00+08:00,2.898,2.898,2.897,2.897,NaN,NaN
2023-07-22T01:05:00+08:00,2.901,2.908,2.9,2.908,NaN,NaN
2023-07-22T01:15:00+08:00,2.905,2.905,2.9,2.9,NaN,NaN
2023-07-22T01:20:00+08:00,2.9,2.9,2.899,2.9,NaN,NaN
2023-07-22T01:25:00+08:00,2.903,2.903,2.903,2.903,NaN,NaN
2023-07-22T01:30:00+08:00,2.904,2.904,2.9,2.9,NaN,NaN
2023-07-22T01:35:00+08:00,2.903,2.917,2.903,2.909,NaN,NaN
2023-07-22T01:45:00+08:00,2.905,2.906,2.901,2.901,NaN,NaN
2023-07-22T01:50:00+08:00,2.9,2.9,2.891,2.894,NaN,NaN
2023-07-22T01:55:00+08:00,2.897,2.897,2.891,2.893,NaN,NaN
2023-07-22T02:00:00+08:00,2.896,2.905,2.896,2.905,NaN,NaN
2023-07-22T02:05:00+08:00,2.904,2.904,2.904,2.904,NaN,NaN
2023-07-22T02:10:00+08:00,2.904,2.905,2.902,2.904,NaN,NaN
2023-07-22T02:15:00+08:00,2.903,2.903,2.899,2.899,NaN,NaN
2023-07-22T02:20:00+08:00,2.896,2.9,2.896,2.9,NaN,NaN
2023-07-22T02:25:00+08:00,2.899,2.9,2.898,2.9,NaN,NaN
2023-07-22T02:35:00+08:00,2.901,2.904,2.901,2.904,NaN,NaN
2023-07-22T02:40:00+08:00,2.902,2.902,2.896,2.9,NaN,NaN
2023-07-22T02:45:00+08:00,2.896,2.896,2.895,2.895,NaN,NaN
2023-07-22T02:50:00+08:00,2.895,2.899,2.893,2.898,NaN,NaN
2023-07-22T02:55:00+08:00,2.898,2.911,2.897,2.904,NaN,NaN
2023-07-22T03:00:00+08:00,2.903,2.907,2.903,2.907,NaN,NaN
2023-07-22T03:05:00+08:00,2.907,2.907,2.898,2.898,NaN,NaN
2023-07-22T03:10:00+08:00,2.897,2.897,2.889,2.889,NaN,NaN
2023-07-22T03:15:00+08:00,2.888,2.896,2.888,2.896,NaN,NaN
2023-07-22T03:20:00+08:00,2.894,2.898,2.891,2.898,NaN,NaN
2023-07-22T03:25:00+08:00,2.898,2.91,2.896,2.899,NaN,NaN
2023-07-22T03:30:00+08:00,2.896,2.896,2.896,2.896,NaN,NaN
2023-07-22T03:35:00+08:00,2.897,2.897,2.896,2.896,NaN,NaN
2023-07-22T03:40:00+08:00,2.896,2.896,2.896,2.896,NaN,NaN
2023-07-22T03:45:00+08:00,2.9,2.9,2.899,2.899,NaN,NaN
2023-07-22T03:50:00+08:00,2.903,2.903,2.896,2.902,NaN,NaN
2023-07-22T03:55:00+08:00,2.898,2.898,2.898,2.898,NaN,NaN
2023-07-22T04:00:00+08:00,2.898,2.898,2.898,2.898,NaN,NaN
2023-07-22T04:05:00+08:00,2.895,2.898,2.895,2.895,NaN,NaN
2023-07-22T04:10:00+08:00,2.896,2.896,2.895,2.895,NaN,NaN
2023-07-22T04:15:00+08:00,2.899,2.899,2.898,2.898,NaN,NaN
2023-07-22T04:20:00+08:00,2.899,2.911,2.899,2.905,NaN,NaN
2023-07-22T04:30:00+08:00,2.905,2.907,2.905,2.907,NaN,NaN
2023-07-22T04:35:00+08:00,2.906,2.907,2.906,2.907,NaN,NaN
2023-07-22T04:45:00+08:00,2.904,2.904,2.902,2.902,NaN,NaN
2023-07-22T04:55:00+08:00,2.907,2.909,2.907,2.909,NaN,NaN
2023-07-22T05:00:00+08:00,2.909,2.909,2.909,2.909,NaN,NaN
2023-07-22T05:05:00+08:00,2.907,2.907,2.906,2.906,NaN,NaN
2023-07-22T05:15:00+08:00,2.907,2.907,2.899,2.899,NaN,NaN
2023-07-22T05:20:00+08:00,2.899,2.899,2.896,2.897,NaN,NaN
2023-07-22T05:25:00+08:00,2.896,2.897,2.894,2.894,NaN,NaN
2023-07-22T05:30:00+08:00,2.896,2.896,2.891,2.893,NaN,NaN
2023-07-22T05:35:00+08:00,2.891,2.892,2.89,2.892,NaN,NaN
2023-07-22T05:40:00+08:00,2.896,2.902,2.895,2.902,NaN,NaN
2023-07-22T05:45:00+08:00,2.9,2.902,2.89,2.893,NaN,NaN
2023-07-22T05:50:00+08:00,2.895,2.896,2.88,2.88,NaN,NaN
2023-07-22T05:55:00+08:00,2.882,2.883,2.881,2.883,NaN,NaN
2023-07-22T06:00:00+08:00,2.883,2.883,2.883,2.883,NaN,NaN
2023-07-22T06:05:00+08:00,2.883,2.883,2.882,2.883,NaN,NaN
2023-07-22T06:10:00+08:00,2.883,2.883,2.883,2.883,NaN,NaN
2023-07-22T06:15:00+08:00,2.882,2.883,2.87,2.883,NaN,NaN
2023-07-22T06:20:00+08:00,2.883,2.883,2.883,2.883,NaN,NaN
2023-07-22T06:25:00+08:00,2.883,2.883,2.881,2.881,NaN,NaN
2023-07-22T06:30:00+08:00,2.882,2.883,2.88,2.882,NaN,NaN
2023-07-22T06:35:00+08:00,2.882,2.883,2.882,2.883,NaN,NaN
2023-07-22T06:40:00+08:00,2.881,2.883,2.881,2.883,NaN,NaN
2023-07-22T06:45:00+08:00,2.881,2.881,2.866,2.868,NaN,NaN
2023-07-22T06:50:00+08:00,2.868,2.869,2.837,2.84,NaN,NaN
2023-07-22T06:55:00+08:00,2.841,2.843,2.839,2.843,NaN,NaN
2023-07-22T07:00:00+08:00,2.843,2.843,2.838,2.841,NaN,NaN
2023-07-22T07:05:00+08:00,2.842,2.842,2.82,2.824,NaN,NaN
2023-07-22T07:10:00+08:00,2.827,2.833,2.827,2.833,NaN,NaN
2023-07-22T07:15:00+08:00,2.833,2.834,2.832,2.832,NaN,NaN
2023-07-22T07:20:00+08:00,2.834,2.834,2.83,2.831,NaN,NaN
2023-07-22T07:25:00+08:00,2.834,2.848,2.834,2.837,NaN,NaN
2023-07-22T07:30:00+08:00,2.839,2.841,2.839,2.841,NaN,NaN
2023-07-22T07:35:00+08:00,2.841,2.848,2.841,2.847,NaN,NaN
2023-07-22T07:40:00+08:00,2.848,2.853,2.847,2.852,NaN,NaN
2023-07-22T07:45:00+08:00,2.849,2.849,2.847,2.847,NaN,NaN
2023-07-22T07:50:00+08:00,2.852,2.854,2.846,2.847,NaN,NaN
2023-07-22T07:55:00+08:00,2.847,2.851,2.847,2.851,NaN,NaN
2023-07-22T08:00:00+08:00,2.848,2.851,2.848,2.85,NaN,NaN
2023-07-22T08:05:00+08:00,2.85,2.854,2.847,2.847,NaN,NaN
2023-07-22T08:10:00+08:00,2.848,2.851,2.848,2.851,NaN,NaN
2023-07-22T08:15:00+08:00,2.85,2.858,2.845,2.858,NaN,NaN
2023-07-22T08:20:00+08:00,2.857,2.859,2.847,2.848,NaN,NaN
2023-07-22T08:25:00+08:00,2.851,2.851,2.845,2.845,NaN,NaN
2023-07-22T08:30:00+08:00,2.849,2.849,2.84,2.845,NaN,NaN
2023-07-22T08:35:00+08:00,2.843,2.847,2.841,2.845,NaN,NaN
2023-07-22T08:40:00+08:00,2.848,2.848,2.846,2.846,NaN,NaN
2023-07-22T08:45:00+08:00,2.846,2.854,2.843,2.847,NaN,NaN
2023-07-22T08:50:00+08:00,2.849,2.85,2.847,2.848,NaN,NaN
2023-07-22T08:55:00+08:00,2.848,2.852,2.845,2.848,NaN,NaN
2023-07-22T09:00:00+08:00,2.85,2.852,2.844,2.845,NaN,NaN
2023-07-22T09:05:00+08:00,2.847,2.849,2.846,2.849,NaN,NaN
2023-07-22T09:10:00+08:00,2.851,2.851,2.846,2.846,NaN,NaN
2023-07-22T09:15:00+08:00,2.849,2.849,2.845,2.848,NaN,NaN
2023-07-22T09:20:00+08:00,2.848,2.851,2.848,2.851,NaN,NaN
2023-07-22T09:25:00+08:00,2.851,2.851,2.851,2.851,NaN,NaN
2023-07-22T09:35:00+08:00,2.849,2.849,2.843,2.846,NaN,NaN
2023-07-22T09:40:00+08:00,2.845,2.846,2.84,2.84,NaN,NaN
2023-07-22T09:45:00+08:00,2.84,2.84,2.837,2.84,NaN,NaN
2023-07-22T09:50:00+08:00,2.838,2.845,2.838,2.838,NaN,NaN
2023-07-22T09:55:00+08:00,2.841,2.841,2.838,2.838,NaN,NaN
2023-07-22T10:00:00+08:00,2.838,2.843,2.838,2.843,NaN,NaN
2023-07-22T10:05:00+08:00,2.843,2.844,2.837,2.841,NaN,NaN
2023-07-22T10:10:00+08:00,2.843,2.844,2.843,2.844,NaN,NaN
2023-07-22T10:15:00+08:00,2.844,2.844,2.84,2.84,NaN,NaN
2023-07-22T10:20:00+08:00,2.844,2.846,2.839,2.839,NaN,NaN
2023-07-22T10:25:00+08:00,2.842,2.843,2.842,2.842,NaN,NaN
2023-07-22T10:30:00+08:00,2.841,2.841,2.839,2.839,NaN,NaN
2023-07-22T10:35:00+08:00,2.845,2.846,2.845,2.846,NaN,NaN
2023-07-22T10:40:00+08:00,2.845,2.846,2.841,2.842,NaN,NaN
2023-07-22T10:45:00+08:00,2.847,2.848,2.847,2.848,NaN,NaN
2023-07-22T10:50:00+08:00,2.842,2.851,2.841,2.851,NaN,NaN
2023-07-22T10:55:00+08:00,2.846,2.852,2.846,2.848,NaN,NaN
2023-07-22T11:00:00+08:00,2.849,2.851,2.844,2.844,NaN,NaN
2023-07-22T11:05:00+08:00,2.848,2.851,2.846,2.851,NaN,NaN
2023-07-22T11:10:00+08:00,2.851,2.851,2.839,2.839,NaN,NaN
2023-07-22T11:15:00+08:00,2.843,2.843,2.843,2.843,NaN,NaN
2023-07-22T11:20:00+08:00,2.846,2.856,2.846,2.856,NaN,NaN
2023-07-22T11:25:00+08:00,2.857,2.857,2.846,2.852,NaN,NaN
2023-07-22T11:30:00+08:00,2.851,2.86,2.851,2.856,NaN,NaN
2023-07-22T11:35:00+08:00,2.855,2.862,2.853,2.862,NaN,NaN
2023-07-22T11:40:00+08:00,2.856,2.856,2.854,2.856,NaN,NaN
2023-07-22T11:45:00+08:00,2.857,2.858,2.856,2.856,NaN,NaN
2023-07-22T11:50:00+08:00,2.856,2.862,2.856,2.859,NaN,NaN
2023-07-22T11:55:00+08:00,2.862,2.865,2.858,2.858,NaN,NaN
2023-07-22T12:00:00+08:00,2.856,2.862,2.856,2.858,NaN,NaN
2023-07-22T12:05:00+08:00,2.856,2.859,2.855,2.858,NaN,NaN
2023-07-22T12:10:00+08:00,2.858,2.86,2.851,2.86,NaN,NaN
2023-07-22T12:15:00+08:00,2.859,2.861,2.856,2.861,NaN,NaN
2023-07-22T12:20:00+08:00,2.859,2.864,2.859,2.864,NaN,NaN
2023-07-22T12:30:00+08:00,2.857,2.857,2.854,2.854,NaN,NaN
2023-07-22T12:35:00+08:00,2.857,2.857,2.855,2.855,NaN,NaN
2023-07-22T12:40:00+08:00,2.857,2.86,2.856,2.86,NaN,NaN
2023-07-22T12:45:00+08:00,2.861,2.862,2.853,2.853,NaN,NaN
2023-07-22T12:50:00+08:00,2.853,2.853,2.851,2.851,NaN,NaN
2023-07-22T12:55:00+08:00,2.853,2.854,2.853,2.854,NaN,NaN
2023-07-22T13:00:00+08:00,2.855,2.856,2.853,2.856,NaN,NaN
2023-07-22T13:05:00+08:00,2.855,2.855,2.855,2.855,NaN,NaN
2023-07-22T13:10:00+08:00,2.853,2.853,2.85,2.85,NaN,NaN
2023-07-22T13:15:00+08:00,2.853,2.853,2.853,2.853,NaN,NaN
2023-07-22T13:20:00+08:00,2.851,2.853,2.851,2.853,NaN,NaN
2023-07-22T13:25:00+08:00,2.853,2.857,2.853,2.855,NaN,NaN
2023-07-22T13:30:00+08:00,2.853,2.855,2.85,2.855,NaN,NaN
2023-07-22T13:35:00+08:00,2.856,2.858,2.851,2.855,NaN,NaN
2023-07-22T13:40:00+08:00,2.856,2.856,2.854,2.854,NaN,NaN
2023-07-22T13:45:00+08:00,2.854,2.854,2.854,2.854,NaN,NaN
2023-07-22T13:50:00+08:00,2.854,2.854,2.846,2.846,NaN,NaN
2023-07-22T13:55:00+08:00,2.849,2.85,2.849,2.85,NaN,NaN
2023-07-22T14:00:00+08:00,2.849,2.852,2.848,2.852,NaN,NaN
2023-07-22T14:05:00+08:00,2.852,2.852,2.852,2.852,NaN,NaN
2023-07-22T14:10:00+08:00,2.849,2.852,2.849,2.849,NaN,NaN
2023-07-22T14:15:00+08:00,2.848,2.848,2.846,2.846,NaN,NaN
2023-07-22T14:20:00+08:00,2.849,2.85,2.849,2.85,NaN,NaN
2023-07-22T14:25:00+08:00,2.85,2.85,2.838,2.843,NaN,NaN
2023-07-22T14:30:00+08:00,2.842,2.846,2.842,2.845,NaN,NaN
2023-07-22T14:35:00+08:00,2.847,2.852,2.847,2.852,NaN,NaN
2023-07-22T14:40:00+08:00,2.851,2.855,2.85,2.854,NaN,NaN
2023-07-22T14:45:00+08:00,2.854,2.858,2.853,2.858,NaN,NaN
2023-07-22T14:50:00+08:00,2.853,2.86,2.853,2.86,NaN,NaN
2023-07-22T14:55:00+08:00,2.859,2.864,2.858,2.862,NaN,NaN
2023-07-22T15:00:00+08:00,2.858,2.86,2.857,2.858,NaN,NaN
2023-07-22T15:05:00+08:00,2.857,2.86,2.857,2.86,NaN,NaN
2023-07-22T15:10:00+08:00,2.86,2.86,2.859,2.859,NaN,NaN
2023-07-22T15:15:00+08:00,2.858,2.858,2.858,2.858,NaN,NaN
2023-07-22T15:20:00+08:00,2.858,2.858,2.852,2.852,NaN,NaN
2023-07-22T15:25:00+08:00,2.855,2.858,2.852,2.858,NaN,NaN
2023-07-22T15:30:00+08:00,2.858,2.858,2.855,2.855,NaN,NaN
2023-07-22T15:35:00+08:00,2.858,2.858,2.855,2.858,NaN,NaN
2023-07-22T15:40:00+08:00,2.858,2.858,2.858,2.858,NaN,NaN
2023-07-22T15:45:00+08:00,2.856,2.859,2.854,2.859,NaN,NaN
2023-07-22T15:50:00+08:00,2.858,2.859,2.855,2.859,NaN,NaN
2023-07-22T15:55:00+08:00,2.86,2.863,2.857,2.863,NaN,NaN
2023-07-22T16:00:00+08:00,2.858,2.863,2.857,2.863,NaN,NaN
2023-07-22T16:05:00+08:00,2.862,2.865,2.86,2.861,NaN,NaN
2023-07-22T16:10:00+08:00,2.863,2.865,2.861,2.865,NaN,NaN
2023-07-22T16:15:00+08:00,2.865,2.865,2.861,2.865,NaN,NaN
2023-07-22T16:20:00+08:00,2.866,2.867,2.857,2.867,NaN,NaN
2023-07-22T16:25:00+08:00,2.863,2.863,2.861,2.863,NaN,NaN
2023-07-22T16:30:00+08:00,2.86,2.86,2.856,2.86,NaN,NaN
2023-07-22T16:35:00+08:00,2.86,2.863,2.86,2.862,NaN,NaN
2023-07-22T16:40:00+08:00,2.862,2.862,2.857,2.857,NaN,NaN
2023-07-22T16:45:00+08:00,2.865,2.865,2.858,2.859,NaN,NaN
2023-07-22T16:50:00+08:00,2.859,2.874,2.854,2.856,NaN,NaN
2023-07-22T16:55:00+08:00,2.857,2.86,2.856,2.86,NaN,NaN
2023-07-22T17:00:00+08:00,2.86,2.861,2.856,2.857,NaN,NaN
2023-07-22T17:05:00+08:00,2.857,2.858,2.851,2.851,NaN,NaN
2023-07-22T17:10:00+08:00,2.852,2.854,2.852,2.853,NaN,NaN
2023-07-22T17:15:00+08:00,2.854,2.858,2.854,2.858,NaN,NaN
2023-07-22T17:20:00+08:00,2.853,2.857,2.853,2.857,NaN,NaN
2023-07-22T17:25:00+08:00,2.859,2.859,2.855,2.858,NaN,NaN
2023-07-22T17:30:00+08:00,2.858,2.86,2.858,2.86,NaN,NaN
2023-07-22T17:35:00+08:00,2.859,2.86,2.857,2.857,NaN,NaN
2023-07-22T17:45:00+08:00,2.856,2.862,2.854,2.854,NaN,NaN
2023-07-22T17:50:00+08:00,2.854,2.854,2.849,2.849,NaN,NaN
2023-07-22T17:55:00+08:00,2.849,2.849,2.847,2.849,NaN,NaN
2023-07-22T18:00:00+08:00,2.846,2.853,2.837,2.842,NaN,NaN
2023-07-22T18:05:00+08:00,2.842,2.842,2.833,2.838,NaN,NaN
2023-07-22T18:10:00+08:00,2.838,2.839,2.835,2.836,NaN,NaN
2023-07-22T18:15:00+08:00,2.838,2.845,2.835,2.839,NaN,NaN
2023-07-22T18:20:00+08:00,2.844,2.844,2.836,2.844,NaN,NaN
2023-07-22T18:25:00+08:00,2.843,2.846,2.831,2.843,NaN,NaN
2023-07-22T18:30:00+08:00,2.839,2.842,2.833,2.842,NaN,NaN
2023-07-22T18:35:00+08:00,2.839,2.845,2.834,2.839,NaN,NaN
2023-07-22T18:40:00+08:00,2.84,2.842,2.835,2.839,NaN,NaN
2023-07-22T18:45:00+08:00,2.839,2.839,2.839,2.839,NaN,NaN
2023-07-22T18:50:00+08:00,2.839,2.844,2.839,2.844,NaN,NaN
2023-07-22T18:55:00+08:00,2.844,2.845,2.842,2.845,NaN,NaN
2023-07-22T19:00:00+08:00,2.845,2.845,2.845,2.845,NaN,NaN
2023-07-22T19:05:00+08:00,2.845,2.848,2.845,2.848,NaN,NaN
2023-07-22T19:10:00+08:00,2.847,2.848,2.847,2.848,NaN,NaN
2023-07-22T19:15:00+08:00,2.847,2.847,2.846,2.846,NaN,NaN
2023-07-22T19:20:00+08:00,2.846,2.849,2.846,2.849,NaN,NaN
2023-07-22T19:25:00+08:00,2.848,2.852,2.848,2.85,NaN,NaN
2023-07-22T19:30:00+08:00,2.85,2.856,2.85,2.856,NaN,NaN
2023-07-22T19:35:00+08:00,2.85,2.854,2.85,2.853,NaN,NaN
2023-07-22T19:40:00+08:00,2.854,2.854,2.851,2.853,NaN,NaN
2023-07-22T19:45:00+08:00,2.852,2.855,2.852,2.852,NaN,NaN
2023-07-22T19:50:00+08:00,2.854,2.856,2.851,2.851,NaN,NaN
2023-07-22T19:55:00+08:00,2.851,2.855,2.85,2.851,NaN,NaN
2023-07-22T20:00:00+08:00,2.854,2.857,2.852,2.852,NaN,NaN
2023-07-22T20:10:00+08:00,2.858,2.858,2.858,2.858,NaN,NaN
2023-07-22T20:15:00+08:00,2.852,2.857,2.851,2.855,NaN,NaN
2023-07-22T20:20:00+08:00,2.857,2.858,2.855,2.855,NaN,NaN
2023-07-22T20:25:00+08:00,2.86,2.862,2.855,2.861,NaN,NaN
2023-07-22T20:30:00+08:00,2.863,2.867,2.863,2.865,NaN,NaN
2023-07-22T20:35:00+08:00,2.864,2.865,2.861,2.861,NaN,NaN
2023-07-22T20:40:00+08:00,2.862,2.863,2.861,2.861,NaN,NaN
2023-07-22T20:50:00+08:00,2.862,2.872,2.859,2.869,NaN,NaN
2023-07-22T20:55:00+08:00,2.865,2.865,2.862,2.862,NaN,NaN
2023-07-22T21:00:00+08:00,2.869,2.869,2.862,2.862,NaN,NaN
2023-07-22T21:05:00+08:00,2.866,2.866,2.866,2.866,NaN,NaN
2023-07-22T21:10:00+08:00,2.865,2.866,2.865,2.866,NaN,NaN
2023-07-22T21:15:00+08:00,2.864,2.865,2.863,2.865,NaN,NaN
2023-07-22T21:20:00+08:00,2.863,2.865,2.862,2.862,NaN,NaN
2023-07-22T21:25:00+08:00,2.865,2.87,2.865,2.87,NaN,NaN
2023-07-22T21:30:00+08:00,2.863,2.863,2.861,2.862,NaN,NaN
2023-07-22T21:40:00+08:00,2.862,2.867,2.861,2.861,NaN,NaN
2023-07-22T21:45:00+08:00,2.863,2.863,2.86,2.86,NaN,NaN
2023-07-22T21:50:00+08:00,2.863,2.865,2.862,2.864,NaN,NaN
2023-07-22T22:00:00+08:00,2.862,2.865,2.858,2.865,NaN,NaN
2023-07-22T22:05:00+08:00,2.86,2.864,2.858,2.864,NaN,NaN
2023-07-22T22:10:00+08:00,2.861,2.863,2.857,2.857,NaN,NaN
2023-07-22T22:15:00+08:00,2.857,2.857,2.856,2.857,NaN,NaN
2023-07-22T22:20:00+08:00,2.859,2.859,2.859,2.859,NaN,NaN
2023-07-22T22:25:00+08:00,2.855,2.855,2.854,2.854,NaN,NaN
2023-07-22T22:45:00+08:00,2.858,2.86,2.856,2.859,NaN,NaN
2023-07-22T22:50:00+08:00,2.86,2.86,2.855,2.855,NaN,NaN
2023-07-22T22:55:00+08:00,2.854,2.854,2.853,2.853,NaN,NaN
2023-07-22T23:00:00+08:00,2.853,2.857,2.853,2.854,NaN,NaN
2023-07-22T23:05:00+08:00,2.854,2.854,2.853,2.853,NaN,NaN
2023-07-22T23:10:00+08:00,2.852,2.853,2.852,2.852,NaN,NaN
2023-07-22T23:15:00+08:00,2.854,2.855,2.851,2.855,NaN,NaN
2023-07-22T23:20:00+08:00,2.852,2.857,2.852,2.853,NaN,NaN
2023-07-22T23:25:00+08:00,2.857,2.857,2.853,2.856,NaN,NaN
2023-07-22T23:30:00+08:00,2.857,2.862,2.854,2.856,NaN,NaN
2023-07-22T23:40:00+08:00,2.858,2.86,2.856,2.86,NaN,NaN
2023-07-22T23:45:00+08:00,2.858,2.864,2.856,2.863,NaN,NaN
2023-07-22T23:50:00+08:00,2.862,2.863,2.862,2.863,NaN,NaN
2023-07-22T23:55:00+08:00,2.862,2.862,2.862,2.862,NaN,NaN
2023-07-23T00:00:00+08:00,2.858,2.86,2.858,2.86,NaN,NaN
2023-07-23T00:05:00+08:00,2.859,2.86,2.857,2.86,NaN,NaN
2023-07-23T00:10:00+08:00,2.862,2.862,2.86,2.86,NaN,NaN
2023-07-23T00:15:00+08:00,2.86,2.861,2.86,2.861,NaN,NaN
2023-07-23T00:20:00+08:00,2.862,2.885,2.862,2.885,NaN,NaN
2023-07-23T00:25:00+08:00,2.882,2.882,2.874,2.88,NaN,NaN
2023-07-23T00:30:00+08:00,2.879,2.879,2.873,2.873,NaN,NaN
2023-07-23T00:40:00+08:00,2.875,2.875,2.875,2.875,NaN,NaN
2023-07-23T00:45:00+08:00,2.875,2.875,2.863,2.869,NaN,NaN
2023-07-23T00:50:00+08:00,2.871,2.875,2.87,2.87,NaN,NaN
2023-07-23T00:55:00+08:00,2.873,2.886,2.873,2.886,NaN,NaN
2023-07-23T01:00:00+08:00,2.879,2.88,2.875,2.878,NaN,NaN
2023-07-23T01:05:00+08:00,2.88,2.881,2.878,2.881,NaN,NaN
2023-07-23T01:10:00+08:00,2.884,2.885,2.878,2.878,NaN,NaN
2023-07-23T01:15:00+08:00,2.88,2.895,2.88,2.884,NaN,NaN
2023-07-23T01:20:00+08:00,2.887,2.888,2.884,2.887,NaN,NaN
2023-07-23T01:25:00+08:00,2.884,2.884,2.872,2.872,NaN,NaN
2023-07-23T01:35:00+08:00,2.876,2.876,2.873,2.873,NaN,NaN
2023-07-23T01:40:00+08:00,2.871,2.871,2.867,2.867,NaN,NaN
2023-07-23T01:45:00+08:00,2.867,2.867,2.866,2.866,NaN,NaN
2023-07-23T01:55:00+08:00,2.869,2.869,2.869,2.869,NaN,NaN
2023-07-23T02:00:00+08:00,2.866,2.869,2.866,2.866,NaN,NaN
2023-07-23T02:05:00+08:00,2.869,2.869,2.866,2.866,NaN,NaN
2023-07-23T02:10:00+08:00,2.87,2.87,2.866,2.867,NaN,NaN
2023-07-23T02:15:00+08:00,2.866,2.872,2.866,2.866,NaN,NaN
2023-07-23T02:25:00+08:00,2.866,2.873,2.862,2.872,NaN,NaN
2023-07-23T02:30:00+08:00,2.867,2.867,2.865,2.865,NaN,NaN
2023-07-23T02:35:00+08:00,2.869,2.873,2.866,2.867,NaN,NaN
2023-07-23T02:40:00+08:00,2.865,2.865,2.86,2.86,NaN,NaN
2023-07-23T02:45:00+08:00,2.86,2.86,2.852,2.852,NaN,NaN
2023-07-23T02:50:00+08:00,2.853,2.862,2.853,2.862,NaN,NaN
2023-07-23T02:55:00+08:00,2.865,2.871,2.862,2.862,NaN,NaN
2023-07-23T03:00:00+08:00,2.862,2.871,2.862,2.869,NaN,NaN
2023-07-23T03:05:00+08:00,2.87,2.87,2.867,2.867,NaN,NaN
2023-07-23T03:10:00+08:00,2.869,2.869,2.867,2.867,NaN,NaN
2023-07-23T03:15:00+08:00,2.869,2.875,2.867,2.87,NaN,NaN
2023-07-23T03:20:00+08:00,2.87,2.87,2.869,2.869,NaN,NaN
2023-07-23T03:30:00+08:00,2.867,2.87,2.867,2.867,NaN,NaN
2023-07-23T03:35:00+08:00,2.865,2.865,2.861,2.861,NaN,NaN
2023-07-23T03:40:00+08:00,2.863,2.863,2.856,2.861,NaN,NaN
2023-07-23T03:45:00+08:00,2.86,2.86,2.856,2.856,NaN,NaN
2023-07-23T03:50:00+08:00,2.858,2.861,2.858,2.861,NaN,NaN
2023-07-23T03:55:00+08:00,2.861,2.861,2.859,2.859,NaN,NaN
2023-07-23T04:00:00+08:00,2.859,2.86,2.859,2.859,NaN,NaN
2023-07-23T04:05:00+08:00,2.859,2.861,2.859,2.861,NaN,NaN
2023-07-23T04:15:00+08:00,2.867,2.871,2.867,2.868,NaN,NaN
2023-07-23T04:20:00+08:00,2.866,2.87,2.861,2.869,NaN,NaN
2023-07-23T04:25:00+08:00,2.868,2.868,2.865,2.865,NaN,NaN
2023-07-23T04:30:00+08:00,2.863,2.863,2.862,2.862,NaN,NaN
2023-07-23T04:35:00+08:00,2.864,2.875,2.862,2.875,NaN,NaN
2023-07-23T04:40:00+08:00,2.876,2.878,2.853,2.853,NaN,NaN
2023-07-23T04:45:00+08:00,2.855,2.855,2.852,2.853,NaN,NaN
2023-07-23T04:50:00+08:00,2.856,2.856,2.852,2.852,NaN,NaN
2023-07-23T04:55:00+08:00,2.852,2.856,2.852,2.855,NaN,NaN
2023-07-23T05:00:00+08:00,2.851,2.851,2.85,2.85,NaN,NaN
2023-07-23T05:10:00+08:00,2.854,2.854,2.851,2.851,NaN,NaN
2023-07-23T05:15:00+08:00,2.853,2.853,2.853,2.853,NaN,NaN
2023-07-23T05:20:00+08:00,2.854,2.854,2.851,2.851,NaN,NaN
2023-07-23T05:30:00+08:00,2.853,2.855,2.853,2.855,NaN,NaN
2023-07-23T05:35:00+08:00,2.85,2.85,2.849,2.849,NaN,NaN
2023-07-23T05:40:00+08:00,2.852,2.856,2.851,2.855,NaN,NaN
2023-07-23T05:45:00+08:00,2.859,2.859,2.859,2.859,NaN,NaN
2023-07-23T05:50:00+08:00,2.856,2.856,2.851,2.851,NaN,NaN
2023-07-23T06:00:00+08:00,2.851,2.851,2.848,2.848,NaN,NaN
2023-07-23T06:05:00+08:00,2.853,2.86,2.853,2.86,NaN,NaN
2023-07-23T06:15:00+08:00,2.861,2.861,2.859,2.86,NaN,NaN
2023-07-23T06:20:00+08:00,2.86,2.86,2.86,2.86,NaN,NaN
2023-07-23T06:25:00+08:00,2.861,2.863,2.861,2.862,NaN,NaN
2023-07-23T06:30:00+08:00,2.864,2.864,2.862,2.862,NaN,NaN
2023-07-23T06:35:00+08:00,2.861,2.861,2.861,2.861,NaN,NaN
2023-07-23T06:40:00+08:00,2.863,2.865,2.863,2.865,NaN,NaN
2023-07-23T06:45:00+08:00,2.861,2.861,2.861,2.861,NaN,NaN
2023-07-23T06:50:00+08:00,2.86,2.86,2.86,2.86,NaN,NaN
2023-07-23T06:55:00+08:00,2.86,2.863,2.859,2.859,NaN,NaN
2023-07-23T07:00:00+08:00,2.859,2.863,2.859,2.863,NaN,NaN
2023-07-23T07:05:00+08:00,2.86,2.861,2.858,2.858,NaN,NaN
2023-07-23T07:10:00+08:00,2.858,2.858,2.857,2.857,NaN,NaN
2023-07-23T07:15:00+08:00,2.856,2.856,2.813,2.827,NaN,NaN
2023-07-23T07:20:00+08:00,2.827,2.831,2.819,2.831,NaN,NaN
2023-07-23T07:25:00+08:00,2.831,2.831,2.826,2.827,NaN,NaN
2023-07-23T07:30:00+08:00,2.821,2.824,2.821,2.821,NaN,NaN
2023-07-23T07:35:00+08:00,2.821,2.827,2.821,2.826,NaN,NaN
2023-07-23T07:40:00+08:00,2.825,2.825,2.814,2.821,NaN,NaN
2023-07-23T07:45:00+08:00,2.821,2.823,2.817,2.823,NaN,NaN
2023-07-23T07:50:00+08:00,2.824,2.827,2.824,2.826,NaN,NaN
2023-07-23T07:55:00+08:00,2.824,2.826,2.824,2.825,NaN,NaN
2023-07-23T08:00:00+08:00,2.831,2.832,2.83,2.83,NaN,NaN
2023-07-23T08:05:00+08:00,2.83,2.834,2.827,2.834,NaN,NaN
2023-07-23T08:10:00+08:00,2.834,2.834,2.825,2.825,NaN,NaN
2023-07-23T08:15:00+08:00,2.825,2.83,2.825,2.83,NaN,NaN
2023-07-23T08:20:00+08:00,2.832,2.832,2.824,2.824,NaN,NaN
2023-07-23T08:25:00+08:00,2.827,2.829,2.825,2.829,NaN,NaN
2023-07-23T08:30:00+08:00,2.828,2.832,2.828,2.832,NaN,NaN
2023-07-23T08:35:00+08:00,2.828,2.828,2.823,2.827,NaN,NaN
2023-07-23T08:45:00+08:00,2.828,2.828,2.819,2.819,NaN,NaN
2023-07-23T08:50:00+08:00,2.819,2.82,2.815,2.82,NaN,NaN
2023-07-23T08:55:00+08:00,2.819,2.822,2.819,2.822,NaN,NaN
2023-07-23T09:00:00+08:00,2.822,2.827,2.82,2.827,NaN,NaN
2023-07-23T09:05:00+08:00,2.827,2.829,2.827,2.829,NaN,NaN
2023-07-23T09:10:00+08:00,2.831,2.832,2.831,2.831,NaN,NaN
2023-07-23T09:15:00+08:00,2.829,2.836,2.829,2.836,NaN,NaN
2023-07-23T09:20:00+08:00,2.834,2.835,2.831,2.831,NaN,NaN
2023-07-23T09:30:00+08:00,2.836,2.838,2.836,2.838,NaN,NaN
2023-07-23T09:35:00+08:00,2.833,2.833,2.829,2.83,NaN,NaN
2023-07-23T09:40:00+08:00,2.83,2.837,2.83,2.837,NaN,NaN
2023-07-23T09:45:00+08:00,2.839,2.839,2.838,2.838,NaN,NaN
2023-07-23T09:50:00+08:00,2.837,2.837,2.836,2.836,NaN,NaN
2023-07-23T09:55:00+08:00,2.839,2.839,2.839,2.839,NaN,NaN
2023-07-23T10:00:00+08:00,2.836,2.836,2.836,2.836,NaN,NaN
2023-07-23T10:05:00+08:00,2.836,2.838,2.836,2.838,NaN,NaN
2023-07-23T10:10:00+08:00,2.837,2.837,2.837,2.837,NaN,NaN
2023-07-23T10:15:00+08:00,2.837,2.837,2.835,2.835,NaN,NaN
2023-07-23T10:20:00+08:00,2.838,2.839,2.838,2.838,NaN,NaN
2023-07-23T10:25:00+08:00,2.837,2.837,2.834,2.835,NaN,NaN
2023-07-23T10:30:00+08:00,2.835,2.837,2.834,2.834,NaN,NaN
2023-07-23T10:35:00+08:00,2.834,2.834,2.834,2.834,NaN,NaN
2023-07-23T10:45:00+08:00,2.833,2.833,2.832,2.832,NaN,NaN
2023-07-23T10:50:00+08:00,2.833,2.834,2.832,2.832,NaN,NaN
2023-07-23T10:55:00+08:00,2.832,2.832,2.832,2.832,NaN,NaN
2023-07-23T11:05:00+08:00,2.834,2.835,2.834,2.835,NaN,NaN
2023-07-23T11:10:00+08:00,2.834,2.835,2.834,2.834,NaN,NaN
2023-07-23T11:20:00+08:00,2.836,2.836,2.833,2.833,NaN,NaN
2023-07-23T11:30:00+08:00,2.832,2.832,2.832,2.832,NaN,NaN
2023-07-23T11:40:00+08:00,2.834,2.838,2.833,2.838,NaN,NaN
2023-07-23T11:50:00+08:00,2.835,2.839,2.835,2.839,NaN,NaN
2023-07-23T12:10:00+08:00,2.835,2.84,2.835,2.838,NaN,NaN
2023-07-23T12:15:00+08:00,2.838,2.84,2.838,2.84,NaN,NaN
2023-07-23T12:20:00+08:00,2.84,2.844,2.84,2.844,NaN,NaN
2023-07-23T12:25:00+08:00,2.844,2.844,2.841,2.841,NaN,NaN
2023-07-23T12:30:00+08:00,2.844,2.844,2.842,2.843,NaN,NaN
2023-07-23T12:35:00+08:00,2.846,2.849,2.845,2.849,NaN,NaN
2023-07-23T12:40:00+08:00,2.841,2.843,2.841,2.843,NaN,NaN
2023-07-23T12:45:00+08:00,2.843,2.847,2.843,2.847,NaN,NaN
2023-07-23T12:50:00+08:00,2.846,2.848,2.841,2.841,NaN,NaN
2023-07-23T12:55:00+08:00,2.844,2.846,2.841,2.846,NaN,NaN
2023-07-23T13:00:00+08:00,2.843,2.849,2.843,2.849,NaN,NaN
2023-07-23T13:05:00+08:00,2.846,2.849,2.846,2.848,NaN,NaN
2023-07-23T13:10:00+08:00,2.849,2.849,2.847,2.847,NaN,NaN
2023-07-23T13:15:00+08:00,2.847,2.849,2.846,2.849,NaN,NaN
2023-07-23T13:20:00+08:00,2.849,2.849,2.847,2.847,NaN,NaN
2023-07-23T13:25:00+08:00,2.848,2.85,2.847,2.85,NaN,NaN
2023-07-23T13:30:00+08:00,2.851,2.851,2.849,2.851,NaN,NaN
2023-07-23T13:35:00+08:00,2.851,2.851,2.85,2.85,NaN,NaN
2023-07-23T13:40:00+08:00,2.851,2.854,2.851,2.852,NaN,NaN
2023-07-23T13:45:00+08:00,2.851,2.852,2.849,2.851,NaN,NaN
2023-07-23T13:50:00+08:00,2.852,2.852,2.85,2.85,NaN,NaN
2023-07-23T13:55:00+08:00,2.85,2.851,2.844,2.844,NaN,NaN
2023-07-23T14:00:00+08:00,2.848,2.849,2.841,2.848,NaN,NaN
2023-07-23T14:05:00+08:00,2.844,2.844,2.844,2.844,NaN,NaN
2023-07-23T14:10:00+08:00,2.844,2.847,2.842,2.842,NaN,NaN
2023-07-23T14:15:00+08:00,2.842,2.847,2.842,2.847,NaN,NaN
2023-07-23T14:20:00+08:00,2.845,2.847,2.845,2.846,NaN,NaN
2023-07-23T14:25:00+08:00,2.848,2.848,2.846,2.846,NaN,NaN
2023-07-23T14:30:00+08:00,2.846,2.848,2.846,2.848,NaN,NaN
2023-07-23T14:35:00+08:00,2.849,2.854,2.849,2.853,NaN,NaN
2023-07-23T14:40:00+08:00,2.853,2.853,2.851,2.851,NaN,NaN
2023-07-23T14:45:00+08:00,2.851,2.851,2.851,2.851,NaN,NaN
2023-07-23T14:55:00+08:00,2.853,2.87,2.853,2.859,NaN,NaN
2023-07-23T15:00:00+08:00,2.861,2.866,2.86,2.862,NaN,NaN
2023-07-23T15:05:00+08:00,2.862,2.862,2.862,2.862,NaN,NaN
2023-07-23T15:10:00+08:00,2.861,2.861,2.854,2.854,NaN,NaN
2023-07-23T15:15:00+08:00,2.858,2.863,2.858,2.862,NaN,NaN
2023-07-23T15:20:00+08:00,2.86,2.86,2.86,2.86,NaN,NaN
2023-07-23T15:25:00+08:00,2.86,2.861,2.86,2.86,NaN,NaN
2023-07-23T15:30:00+08:00,2.865,2.865,2.856,2.856,NaN,NaN
2023-07-23T15:35:00+08:00,2.858,2.869,2.855,2.869,NaN,NaN
2023-07-23T15:40:00+08:00,2.865,2.865,2.861,2.865,NaN,NaN
2023-07-23T15:45:00+08:00,2.865,2.865,2.865,2.865,NaN,NaN
2023-07-23T15:50:00+08:00,2.865,2.869,2.865,2.869,NaN,NaN
2023-07-23T15:55:00+08:00,2.869,2.869,2.865,2.865,NaN,NaN
2023-07-23T16:00:00+08:00,2.865,2.87,2.865,2.87,NaN,NaN
2023-07-23T16:05:00+08:00,2.866,2.869,2.866,2.866,NaN,NaN
2023-07-23T16:10:00+08:00,2.865,2.867,2.863,2.864,NaN,NaN
2023-07-23T16:15:00+08:00,2.863,2.863,2.856,2.856,NaN,NaN
2023-07-23T16:20:00+08:00,2.857,2.861,2.852,2.854,NaN,NaN
2023-07-23T16:25:00+08:00,2.856,2.856,2.848,2.849,NaN,NaN
2023-07-23T16:30:00+08:00,2.849,2.863,2.849,2.863,NaN,NaN
2023-07-23T16:35:00+08:00,2.862,2.866,2.853,2.865,NaN,NaN
2023-07-23T16:40:00+08:00,2.865,2.865,2.865,2.865,NaN,NaN
2023-07-23T16:45:00+08:00,2.866,2.867,2.864,2.864,NaN,NaN
2023-07-23T16:50:00+08:00,2.868,2.872,2.868,2.872,NaN,NaN
2023-07-23T16:55:00+08:00,2.868,2.869,2.865,2.869,NaN,NaN
2023-07-23T17:00:00+08:00,2.869,2.872,2.869,2.871,NaN,NaN
2023-07-23T17:05:00+08:00,2.871,2.877,2.86,2.877,NaN,NaN
2023-07-23T17:10:00+08:00,2.872,2.877,2.87,2.875,NaN,NaN
2023-07-23T17:15:00+08:00,2.874,2.875,2.873,2.875,NaN,NaN
2023-07-23T17:20:00+08:00,2.875,2.884,2.869,2.869,NaN,NaN
2023-07-23T17:25:00+08:00,2.871,2.871,2.871,2.871,NaN,NaN
2023-07-23T17:30:00+08:00,2.871,2.871,2.87,2.87,NaN,NaN
2023-07-23T17:35:00+08:00,2.87,2.87,2.867,2.867,NaN,NaN
2023-07-23T17:40:00+08:00,2.871,2.871,2.865,2.867,NaN,NaN
2023-07-23T17:45:00+08:00,2.865,2.865,2.854,2.856,NaN,NaN
2023-07-23T17:50:00+08:00,2.857,2.86,2.857,2.86,NaN,NaN
2023-07-23T17:55:00+08:00,2.857,2.857,2.854,2.854,NaN,NaN
2023-07-23T18:00:00+08:00,2.854,2.858,2.85,2.851,NaN,NaN
2023-07-23T18:10:00+08:00,2.855,2.856,2.855,2.856,NaN,NaN
2023-07-23T18:20:00+08:00,2.852,2.854,2.85,2.854,NaN,NaN
2023-07-23T18:25:00+08:00,2.851,2.854,2.851,2.854,NaN,NaN
2023-07-23T18:30:00+08:00,2.851,2.851,2.846,2.848,NaN,NaN
2023-07-23T18:35:00+08:00,2.848,2.851,2.844,2.844,NaN,NaN
2023-07-23T18:40:00+08:00,2.849,2.853,2.849,2.853,NaN,NaN
2023-07-23T18:45:00+08:00,2.856,2.86,2.856,2.859,NaN,NaN
2023-07-23T18:50:00+08:00,2.852,2.852,2.852,2.852,NaN,NaN
2023-07-23T19:00:00+08:00,2.853,2.853,2.847,2.847,NaN,NaN
2023-07-23T19:10:00+08:00,2.846,2.852,2.846,2.851,NaN,NaN
2023-07-23T19:15:00+08:00,2.853,2.853,2.853,2.853,NaN,NaN
2023-07-23T19:20:00+08:00,2.85,2.85,2.847,2.847,NaN,NaN
2023-07-23T19:30:00+08:00,2.847,2.85,2.847,2.848,NaN,NaN
2023-07-23T19:35:00+08:00,2.849,2.849,2.849,2.849,NaN,NaN
2023-07-23T19:40:00+08:00,2.852,2.853,2.849,2.851,NaN,NaN
2023-07-23T19:45:00+08:00,2.851,2.851,2.851,2.851,NaN,NaN
2023-07-23T19:50:00+08:00,2.851,2.855,2.848,2.855,NaN,NaN
2023-07-23T19:55:00+08:00,2.852,2.852,2.847,2.848,NaN,NaN
2023-07-23T20:00:00+08:00,2.852,2.855,2.85,2.85,NaN,NaN
2023-07-23T20:05:00+08:00,2.856,2.856,2.849,2.854,NaN,NaN
2023-07-23T20:10:00+08:00,2.852,2.858,2.852,2.858,NaN,NaN
2023-07-23T20:15:00+08:00,2.861,2.861,2.857,2.857,NaN,NaN
2023-07-23T20:20:00+08:00,2.859,2.86,2.857,2.857,NaN,NaN
2023-07-23T20:25:00+08:00,2.857,2.864,2.857,2.864,NaN,NaN
2023-07-23T20:30:00+08:00,2.864,2.864,2.856,2.856,NaN,NaN
2023-07-23T20:35:00+08:00,2.857,2.857,2.857,2.857,NaN,NaN
2023-07-23T20:40:00+08:00,2.86,2.86,2.856,2.856,NaN,NaN
2023-07-23T20:45:00+08:00,2.86,2.863,2.856,2.863,NaN,NaN
2023-07-23T20:50:00+08:00,2.864,2.883,2.861,2.883,NaN,NaN
2023-07-23T20:55:00+08:00,2.873,2.874,2.866,2.871,NaN,NaN
2023-07-23T21:00:00+08:00,2.87,2.871,2.866,2.867,NaN,NaN
2023-07-23T21:05:00+08:00,2.865,2.866,2.852,2.855,NaN,NaN
2023-07-23T21:10:00+08:00,2.851,2.854,2.85,2.854,NaN,NaN
2023-07-23T21:15:00+08:00,2.853,2.855,2.853,2.855,NaN,NaN
2023-07-23T21:20:00+08:00,2.855,2.867,2.855,2.867,NaN,NaN
2023-07-23T21:25:00+08:00,2.868,2.872,2.861,2.861,NaN,NaN
2023-07-23T21:30:00+08:00,2.862,2.865,2.859,2.865,NaN,NaN
2023-07-23T21:35:00+08:00,2.866,2.868,2.859,2.865,NaN,NaN
2023-07-23T21:40:00+08:00,2.865,2.865,2.865,2.865,NaN,NaN
2023-07-23T21:45:00+08:00,2.865,2.872,2.865,2.872,NaN,NaN
2023-07-23T21:50:00+08:00,2.871,2.875,2.866,2.87,NaN,NaN
2023-07-23T21:55:00+08:00,2.873,2.874,2.867,2.867,NaN,NaN
2023-07-23T22:15:00+08:00,2.871,2.882,2.871,2.88,NaN,NaN
2023-07-23T22:20:00+08:00,2.876,2.878,2.876,2.878,NaN,NaN
2023-07-23T22:25:00+08:00,2.88,2.88,2.877,2.879,NaN,NaN
2023-07-23T22:30:00+08:00,2.879,2.88,2.878,2.878,NaN,NaN
2023-07-23T22:35:00+08:00,2.877,2.877,2.877,2.877,NaN,NaN
2023-07-23T22:40:00+08:00,2.878,2.878,2.878,2.878,NaN,NaN
2023-07-23T22:55:00+08:00,2.878,2.883,2.878,2.883,NaN,NaN
2023-07-23T23:00:00+08:00,2.88,2.882,2.879,2.882,NaN,NaN
2023-07-23T23:05:00+08:00,2.883,2.883,2.88,2.882,NaN,NaN
2023-07-23T23:10:00+08:00,2.882,2.884,2.877,2.878,NaN,NaN
2023-07-23T23:15:00+08:00,2.878,2.885,2.875,2.884,NaN,NaN
2023-07-23T23:20:00+08:00,2.884,2.884,2.883,2.884,NaN,NaN
2023-07-23T23:25:00+08:00,2.884,2.884,2.871,2.871,NaN,NaN
2023-07-23T23:30:00+08:00,2.871,2.874,2.871,2.874,NaN,NaN
2023-07-23T23:35:00+08:00,2.876,2.876,2.874,2.876,NaN,NaN
2023-07-23T23:40:00+08:00,2.874,2.874,2.871,2.871,NaN,NaN
2023-07-23T23:45:00+08:00,2.869,2.869,2.869,2.869,NaN,NaN
2023-07-23T23:50:00+08:00,2.869,2.869,2.869,2.869,NaN,NaN
2023-07-23T23:55:00+08:00,2.871,2.871,2.869,2.869,NaN,NaN
2023-07-24T00:00:00+08:00,2.869,2.869,2.864,2.869,NaN,NaN
2023-07-24T00:05:00+08:00,2.869,2.876,2.869,2.875,NaN,NaN
2023-07-24T00:10:00+08:00,2.878,2.878,2.87,2.87,NaN,NaN
2023-07-24T00:15:00+08:00,2.868,2.868,2.865,2.865,NaN,NaN
2023-07-24T00:20:00+08:00,2.867,2.869,2.867,2.869,NaN,NaN
2023-07-24T00:25:00+08:00,2.865,2.873,2.865,2.865,NaN,NaN
2023-07-24T00:30:00+08:00,2.869,2.87,2.865,2.869,NaN,NaN
2023-07-24T00:35:00+08:00,2.869,2.876,2.868,2.876,NaN,NaN
2023-07-24T00:40:00+08:00,2.876,2.876,2.875,2.876,NaN,NaN
2023-07-24T00:45:00+08:00,2.878,2.879,2.874,2.877,NaN,NaN
2023-07-24T00:50:00+08:00,2.873,2.877,2.872,2.877,NaN,NaN
2023-07-24T00:55:00+08:00,2.877,2.877,2.871,2.871,NaN,NaN
2023-07-24T01:00:00+08:00,2.875,2.876,2.875,2.876,NaN,NaN
2023-07-24T01:05:00+08:00,2.872,2.872,2.871,2.871,NaN,NaN
2023-07-24T01:10:00+08:00,2.872,2.872,2.87,2.871,NaN,NaN
2023-07-24T01:15:00+08:00,2.874,2.876,2.874,2.874,NaN,NaN
2023-07-24T01:20:00+08:00,2.875,2.875,2.874,2.874,NaN,NaN
2023-07-24T01:25:00+08:00,2.874,2.874,2.874,2.874,NaN,NaN
2023-07-24T01:30:00+08:00,2.874,2.875,2.872,2.875,NaN,NaN
2023-07-24T01:35:00+08:00,2.874,2.874,2.867,2.868,NaN,NaN
2023-07-24T01:40:00+08:00,2.87,2.872,2.87,2.872,NaN,NaN
2023-07-24T01:45:00+08:00,2.872,2.872,2.863,2.866,NaN,NaN
2023-07-24T01:50:00+08:00,2.868,2.868,2.866,2.868,NaN,NaN
2023-07-24T01:55:00+08:00,2.868,2.878,2.868,2.877,NaN,NaN
2023-07-24T02:00:00+08:00,2.878,2.878,2.878,2.878,NaN,NaN
2023-07-24T02:05:00+08:00,2.881,2.882,2.881,2.882,NaN,NaN
2023-07-24T02:10:00+08:00,2.878,2.889,2.87,2.88,NaN,NaN
2023-07-24T02:15:00+08:00,2.878,2.878,2.877,2.877,NaN,NaN
2023-07-24T02:20:00+08:00,2.877,2.89,2.877,2.88,NaN,NaN
2023-07-24T02:25:00+08:00,2.881,2.882,2.876,2.876,NaN,NaN
2023-07-24T02:30:00+08:00,2.877,2.877,2.876,2.876,NaN,NaN
2023-07-24T02:35:00+08:00,2.877,2.881,2.877,2.877,NaN,NaN
2023-07-24T02:40:00+08:00,2.876,2.878,2.874,2.877,NaN,NaN
2023-07-24T02:45:00+08:00,2.88,2.881,2.877,2.879,NaN,NaN
2023-07-24T02:50:00+08:00,2.877,2.884,2.877,2.882,NaN,NaN
2023-07-24T02:55:00+08:00,2.881,2.891,2.881,2.885,NaN,NaN
2023-07-24T03:00:00+08:00,2.88,2.898,2.88,2.893,NaN,NaN
2023-07-24T03:05:00+08:00,2.892,2.896,2.882,2.895,NaN,NaN
2023-07-24T03:10:00+08:00,2.893,2.894,2.89,2.893,NaN,NaN
2023-07-24T03:15:00+08:00,2.891,2.891,2.877,2.877,NaN,NaN
2023-07-24T03:20:00+08:00,2.878,2.883,2.871,2.878,NaN,NaN
2023-07-24T03:25:00+08:00,2.88,2.88,2.88,2.88,NaN,NaN
2023-07-24T03:30:00+08:00,2.878,2.883,2.878,2.882,NaN,NaN
2023-07-24T03:35:00+08:00,2.88,2.901,2.88,2.891,NaN,NaN
2023-07-24T03:40:00+08:00,2.892,2.894,2.891,2.891,NaN,NaN
2023-07-24T03:45:00+08:00,2.893,2.893,2.884,2.885,NaN,NaN
2023-07-24T03:50:00+08:00,2.882,2.893,2.881,2.89,NaN,NaN
2023-07-24T03:55:00+08:00,2.887,2.891,2.885,2.889,NaN,NaN
2023-07-24T04:00:00+08:00,2.895,2.895,2.887,2.887,NaN,NaN
2023-07-24T04:05:00+08:00,2.888,2.893,2.888,2.893,NaN,NaN
2023-07-24T04:10:00+08:00,2.893,2.896,2.89,2.89,NaN,NaN
2023-07-24T04:15:00+08:00,2.894,2.895,2.893,2.893,NaN,NaN
2023-07-24T04:20:00+08:00,2.895,2.897,2.895,2.897,NaN,NaN
2023-07-24T04:25:00+08:00,2.893,2.894,2.889,2.89,NaN,NaN
2023-07-24T04:30:00+08:00,2.888,2.89,2.888,2.89,NaN,NaN
2023-07-24T04:35:00+08:00,2.888,2.888,2.888,2.888,NaN,NaN
2023-07-24T04:40:00+08:00,2.891,2.891,2.89,2.89,NaN,NaN
2023-07-24T04:45:00+08:00,2.891,2.893,2.885,2.891,NaN,NaN
2023-07-24T04:50:00+08:00,2.893,2.898,2.893,2.898,NaN,NaN
2023-07-24T04:55:00+08:00,2.895,2.895,2.891,2.891,NaN,NaN
2023-07-24T05:00:00+08:00,2.892,2.892,2.889,2.889,NaN,NaN
2023-07-24T05:05:00+08:00,2.888,2.89,2.888,2.89,NaN,NaN
2023-07-24T05:10:00+08:00,2.89,2.89,2.887,2.888,NaN,NaN
2023-07-24T05:15:00+08:00,2.888,2.89,2.888,2.89,NaN,NaN
2023-07-24T05:20:00+08:00,2.886,2.886,2.885,2.885,NaN,NaN
2023-07-24T05:25:00+08:00,2.879,2.882,2.878,2.882,NaN,NaN
2023-07-24T05:30:00+08:00,2.881,2.881,2.877,2.878,NaN,NaN
2023-07-24T05:35:00+08:00,2.876,2.877,2.875,2.875,NaN,NaN
2023-07-24T05:40:00+08:00,2.874,2.878,2.873,2.878,NaN,NaN
2023-07-24T05:45:00+08:00,2.873,2.875,2.867,2.869,NaN,NaN
2023-07-24T05:50:00+08:00,2.874,2.874,2.874,2.874,NaN,NaN
2023-07-24T05:55:00+08:00,2.871,2.871,2.867,2.867,NaN,NaN
2023-07-24T06:00:00+08:00,2.874,2.877,2.873,2.875,NaN,NaN
2023-07-24T06:15:00+08:00,2.876,2.876,2.867,2.873,NaN,NaN
2023-07-24T06:25:00+08:00,2.872,2.875,2.87,2.87,NaN,NaN
2023-07-24T06:30:00+08:00,2.873,2.873,2.873,2.873,NaN,NaN
2023-07-24T06:35:00+08:00,2.872,2.872,2.869,2.869,NaN,NaN
2023-07-24T06:45:00+08:00,2.87,2.872,2.867,2.871,NaN,NaN
2023-07-24T06:50:00+08:00,2.87,2.87,2.87,2.87,NaN,NaN
2023-07-24T06:55:00+08:00,2.871,2.875,2.871,2.875,NaN,NaN
2023-07-24T07:00:00+08:00,2.872,2.882,2.872,2.882,NaN,NaN
2023-07-24T07:05:00+08:00,2.883,2.883,2.876,2.882,NaN,NaN
2023-07-24T07:15:00+08:00,2.883,2.884,2.882,2.884,NaN,NaN
2023-07-24T07:20:00+08:00,2.884,2.884,2.878,2.878,NaN,NaN
2023-07-24T07:25:00+08:00,2.877,2.877,2.874,2.874,NaN,NaN
2023-07-24T07:30:00+08:00,2.877,2.877,2.873,2.877,NaN,NaN
2023-07-24T07:35:00+08:00,2.877,2.877,2.874,2.874,NaN,NaN
2023-07-24T07:40:00+08:00,2.878,2.879,2.876,2.876,NaN,NaN
2023-07-24T07:45:00+08:00,2.88,2.88,2.877,2.877,NaN,NaN
2023-07-24T07:50:00+08:00,2.876,2.876,2.876,2.876,NaN,NaN
2023-07-24T07:55:00+08:00,2.876,2.876,2.872,2.872,NaN,NaN
2023-07-24T08:00:00+08:00,2.878,2.878,2.872,2.876,NaN,NaN
2023-07-24T08:05:00+08:00,2.874,2.874,2.868,2.868,NaN,NaN
2023-07-24T08:10:00+08:00,2.868,2.868,2.86,2.866,NaN,NaN
2023-07-24T08:15:00+08:00,2.87,2.87,2.868,2.87,NaN,NaN
2023-07-24T08:25:00+08:00,2.87,2.872,2.87,2.872,NaN,NaN
2023-07-24T08:30:00+08:00,2.87,2.87,2.867,2.867,NaN,NaN
2023-07-24T08:35:00+08:00,2.866,2.868,2.866,2.868,NaN,NaN
2023-07-24T08:45:00+08:00,2.872,2.878,2.872,2.876,NaN,NaN
2023-07-24T09:00:00+08:00,2.872,2.873,2.865,2.865,NaN,NaN
2023-07-24T09:05:00+08:00,2.862,2.862,2.86,2.86,NaN,NaN
2023-07-24T09:10:00+08:00,2.858,2.866,2.858,2.866,NaN,NaN
2023-07-24T09:15:00+08:00,2.867,2.867,2.865,2.866,NaN,NaN
2023-07-24T09:20:00+08:00,2.866,2.866,2.865,2.865,NaN,NaN
2023-07-24T09:25:00+08:00,2.861,2.864,2.859,2.864,NaN,NaN
2023-07-24T09:35:00+08:00,2.859,2.862,2.859,2.862,NaN,NaN
2023-07-24T09:40:00+08:00,2.857,2.857,2.85,2.85,NaN,NaN
2023-07-24T09:45:00+08:00,2.85,2.854,2.85,2.854,NaN,NaN
2023-07-24T09:50:00+08:00,2.853,2.853,2.853,2.853,NaN,NaN
2023-07-24T09:55:00+08:00,2.854,2.854,2.85,2.85,NaN,NaN
2023-07-24T10:00:00+08:00,2.85,2.853,2.85,2.853,NaN,NaN
2023-07-24T10:05:00+08:00,2.85,2.851,2.846,2.849,NaN,NaN
2023-07-24T10:10:00+08:00,2.847,2.847,2.845,2.845,NaN,NaN
2023-07-24T10:15:00+08:00,2.846,2.848,2.844,2.848,NaN,NaN
2023-07-24T10:20:00+08:00,2.848,2.848,2.84,2.847,NaN,NaN
2023-07-24T10:25:00+08:00,2.841,2.841,2.841,2.841,NaN,NaN
2023-07-24T10:30:00+08:00,2.84,2.844,2.84,2.84,NaN,NaN
2023-07-24T10:35:00+08:00,2.84,2.84,2.839,2.839,NaN,NaN
2023-07-24T10:40:00+08:00,2.841,2.843,2.841,2.843,NaN,NaN
2023-07-24T10:45:00+08:00,2.843,2.843,2.843,2.843,NaN,NaN
2023-07-24T11:00:00+08:00,2.845,2.846,2.841,2.845,NaN,NaN
2023-07-24T11:05:00+08:00,2.844,2.844,2.84,2.84,NaN,NaN
2023-07-24T11:15:00+08:00,2.842,2.842,2.842,2.842,NaN,NaN
2023-07-24T11:20:00+08:00,2.84,2.84,2.835,2.835,NaN,NaN
2023-07-24T11:25:00+08:00,2.838,2.845,2.838,2.845,NaN,NaN
2023-07-24T11:30:00+08:00,2.842,2.845,2.841,2.844,NaN,NaN
2023-07-24T11:45:00+08:00,2.843,2.843,2.839,2.839,NaN,NaN
2023-07-24T11:55:00+08:00,2.839,2.842,2.839,2.842,NaN,NaN
2023-07-24T12:00:00+08:00,2.842,2.844,2.839,2.841,NaN,NaN
2023-07-24T12:05:00+08:00,2.839,2.839,2.832,2.835,NaN,NaN
2023-07-24T12:10:00+08:00,2.834,2.835,2.834,2.835,NaN,NaN
2023-07-24T12:15:00+08:00,2.834,2.834,2.834,2.834,NaN,NaN
2023-07-24T12:20:00+08:00,2.838,2.841,2.834,2.839,NaN,NaN
2023-07-24T12:25:00+08:00,2.839,2.839,2.839,2.839,NaN,NaN
2023-07-24T12:30:00+08:00,2.842,2.843,2.841,2.843,NaN,NaN
2023-07-24T12:35:00+08:00,2.846,2.846,2.846,2.846,NaN,NaN
2023-07-24T12:40:00+08:00,2.842,2.845,2.841,2.844,NaN,NaN
2023-07-24T12:45:00+08:00,2.845,2.845,2.844,2.844,NaN,NaN
2023-07-24T13:00:00+08:00,2.844,2.846,2.844,2.846,NaN,NaN
2023-07-24T13:05:00+08:00,2.844,2.846,2.843,2.846,NaN,NaN
2023-07-24T13:10:00+08:00,2.846,2.847,2.846,2.847,NaN,NaN
2023-07-24T13:15:00+08:00,2.844,2.845,2.844,2.845,NaN,NaN
2023-07-24T13:20:00+08:00,2.845,2.848,2.845,2.847,NaN,NaN
2023-07-24T13:25:00+08:00,2.844,2.844,2.842,2.842,NaN,NaN
2023-07-24T13:30:00+08:00,2.845,2.846,2.842,2.846,NaN,NaN
2023-07-24T13:35:00+08:00,2.843,2.843,2.843,2.843,NaN,NaN
2023-07-24T13:40:00+08:00,2.842,2.842,2.833,2.833,NaN,NaN
2023-07-24T13:45:00+08:00,2.833,2.842,2.831,2.834,NaN,NaN
2023-07-24T13:50:00+08:00,2.833,2.839,2.833,2.839,NaN,NaN
2023-07-24T13:55:00+08:00,2.839,2.841,2.839,2.84,NaN,NaN
2023-07-24T14:05:00+08:00,2.84,2.845,2.839,2.845,NaN,NaN
2023-07-24T14:10:00+08:00,2.839,2.839,2.839,2.839,NaN,NaN
2023-07-24T14:15:00+08:00,2.837,2.839,2.836,2.836,NaN,NaN
2023-07-24T14:20:00+08:00,2.837,2.839,2.837,2.839,NaN,NaN
2023-07-24T14:25:00+08:00,2.839,2.839,2.835,2.835,NaN,NaN
2023-07-24T14:30:00+08:00,2.838,2.843,2.838,2.843,NaN,NaN
2023-07-24T14:35:00+08:00,2.839,2.839,2.835,2.835,NaN,NaN
2023-07-24T14:40:00+08:00,2.841,2.845,2.84,2.845,NaN,NaN
2023-07-24T14:45:00+08:00,2.841,2.841,2.837,2.837,NaN,NaN
2023-07-24T14:55:00+08:00,2.842,2.846,2.839,2.839,NaN,NaN
2023-07-24T15:00:00+08:00,2.839,2.84,2.837,2.837,NaN,NaN
2023-07-24T15:05:00+08:00,2.84,2.84,2.835,2.835,NaN,NaN
2023-07-24T15:10:00+08:00,2.832,2.833,2.823,2.832,NaN,NaN
2023-07-24T15:15:00+08:00,2.832,2.835,2.83,2.83,NaN,NaN
2023-07-24T15:20:00+08:00,2.833,2.834,2.83,2.831,NaN,NaN
2023-07-24T15:25:00+08:00,2.837,2.838,2.834,2.834,NaN,NaN
2023-07-24T15:30:00+08:00,2.835,2.839,2.834,2.838,NaN,NaN
2023-07-24T15:35:00+08:00,2.839,2.839,2.836,2.836,NaN,NaN
2023-07-24T15:40:00+08:00,2.839,2.842,2.837,2.842,NaN,NaN
2023-07-24T15:45:00+08:00,2.839,2.84,2.838,2.839,NaN,NaN
2023-07-24T15:50:00+08:00,2.839,2.84,2.836,2.836,NaN,NaN
2023-07-24T15:55:00+08:00,2.839,2.839,2.836,2.837,NaN,NaN
2023-07-24T16:00:00+08:00,2.837,2.837,2.825,2.825,NaN,NaN
2023-07-24T16:05:00+08:00,2.826,2.832,2.824,2.832,NaN,NaN
2023-07-24T16:10:00+08:00,2.83,2.832,2.825,2.831,NaN,NaN
2023-07-24T16:15:00+08:00,2.828,2.832,2.828,2.832,NaN,NaN
2023-07-24T16:20:00+08:00,2.829,2.829,2.824,2.824,NaN,NaN
2023-07-24T16:25:00+08:00,2.828,2.828,2.828,2.828,NaN,NaN
2023-07-24T16:30:00+08:00,2.825,2.831,2.825,2.828,NaN,NaN
2023-07-24T16:35:00+08:00,2.825,2.826,2.824,2.824,NaN,NaN
2023-07-24T16:40:00+08:00,2.825,2.828,2.825,2.827,NaN,NaN
2023-07-24T16:45:00+08:00,2.826,2.832,2.825,2.828,NaN,NaN
2023-07-24T16:50:00+08:00,2.829,2.829,2.822,2.823,NaN,NaN
2023-07-24T16:55:00+08:00,2.821,2.821,2.82,2.821,NaN,NaN
2023-07-24T17:00:00+08:00,2.82,2.821,2.82,2.821,NaN,NaN
2023-07-24T17:05:00+08:00,2.822,2.824,2.821,2.823,NaN,NaN
2023-07-24T17:10:00+08:00,2.823,2.823,2.821,2.821,NaN,NaN
2023-07-24T17:15:00+08:00,2.823,2.827,2.822,2.827,NaN,NaN
2023-07-24T17:20:00+08:00,2.827,2.828,2.824,2.824,NaN,NaN
2023-07-24T17:25:00+08:00,2.827,2.829,2.827,2.829,NaN,NaN
2023-07-24T17:30:00+08:00,2.828,2.837,2.828,2.837,NaN,NaN
2023-07-24T17:35:00+08:00,2.834,2.834,2.829,2.83,NaN,NaN
2023-07-24T17:40:00+08:00,2.827,2.827,2.825,2.827,NaN,NaN
2023-07-24T17:45:00+08:00,2.824,2.832,2.821,2.83,NaN,NaN
2023-07-24T17:50:00+08:00,2.83,2.83,2.784,2.785,NaN,NaN
2023-07-24T17:55:00+08:00,2.785,2.785,2.756,2.762,NaN,NaN
2023-07-24T18:00:00+08:00,2.762,2.764,2.745,2.754,NaN,NaN
2023-07-24T18:05:00+08:00,2.754,2.766,2.753,2.766,NaN,NaN
2023-07-24T18:10:00+08:00,2.767,2.77,2.764,2.764,NaN,NaN
2023-07-24T18:15:00+08:00,2.768,2.768,2.75,2.755,NaN,NaN
2023-07-24T18:20:00+08:00,2.755,2.765,2.753,2.758,NaN,NaN
2023-07-24T18:25:00+08:00,2.758,2.762,2.755,2.755,NaN,NaN
2023-07-24T18:30:00+08:00,2.756,2.758,2.754,2.758,NaN,NaN
2023-07-24T18:35:00+08:00,2.76,2.777,2.759,2.768,NaN,NaN
2023-07-24T18:40:00+08:00,2.762,2.764,2.762,2.762,NaN,NaN
2023-07-24T18:45:00+08:00,2.761,2.77,2.758,2.761,NaN,NaN
2023-07-24T18:50:00+08:00,2.76,2.765,2.76,2.761,NaN,NaN
2023-07-24T18:55:00+08:00,2.762,2.765,2.761,2.762,NaN,NaN
2023-07-24T19:00:00+08:00,2.761,2.761,2.755,2.761,NaN,NaN
2023-07-24T19:10:00+08:00,2.761,2.761,2.758,2.758,NaN,NaN
2023-07-24T19:15:00+08:00,2.758,2.758,2.757,2.757,NaN,NaN
2023-07-24T19:20:00+08:00,2.757,2.757,2.754,2.754,NaN,NaN
2023-07-24T19:25:00+08:00,2.754,2.755,2.748,2.748,NaN,NaN
2023-07-24T19:30:00+08:00,2.749,2.754,2.746,2.75,NaN,NaN
2023-07-24T19:35:00+08:00,2.75,2.75,2.744,2.745,NaN,NaN
2023-07-24T19:40:00+08:00,2.745,2.75,2.744,2.75,NaN,NaN
2023-07-24T19:45:00+08:00,2.75,2.75,2.749,2.749,NaN,NaN
2023-07-24T19:50:00+08:00,2.749,2.751,2.737,2.741,NaN,NaN
2023-07-24T20:00:00+08:00,2.743,2.743,2.738,2.742,NaN,NaN
2023-07-24T20:05:00+08:00,2.742,2.743,2.74,2.74,NaN,NaN
2023-07-24T20:10:00+08:00,2.741,2.743,2.74,2.741,NaN,NaN
2023-07-24T20:15:00+08:00,2.741,2.748,2.738,2.746,NaN,NaN
2023-07-24T20:20:00+08:00,2.748,2.75,2.745,2.745,NaN,NaN
2023-07-24T20:25:00+08:00,2.745,2.746,2.744,2.745,NaN,NaN
2023-07-24T20:30:00+08:00,2.744,2.756,2.744,2.755,NaN,NaN
2023-07-24T20:35:00+08:00,2.754,2.757,2.75,2.75,NaN,NaN
2023-07-24T20:40:00+08:00,2.754,2.757,2.753,2.757,NaN,NaN
2023-07-24T20:45:00+08:00,2.754,2.754,2.745,2.745,NaN,NaN
2023-07-24T20:50:00+08:00,2.744,2.747,2.741,2.743,NaN,NaN
2023-07-24T20:55:00+08:00,2.742,2.742,2.74,2.74,NaN,NaN
2023-07-24T21:00:00+08:00,2.743,2.745,2.743,2.745,NaN,NaN
2023-07-24T21:05:00+08:00,2.744,2.744,2.743,2.743,NaN,NaN
2023-07-24T21:10:00+08:00,2.745,2.746,2.743,2.745,NaN,NaN
2023-07-24T21:15:00+08:00,2.747,2.749,2.744,2.744,NaN,NaN
2023-07-24T21:25:00+08:00,2.748,2.75,2.744,2.747,NaN,NaN
2023-07-24T21:30:00+08:00,2.743,2.747,2.743,2.747,NaN,NaN
2023-07-24T21:35:00+08:00,2.746,2.746,2.74,2.74,NaN,NaN
2023-07-24T21:40:00+08:00,2.741,2.742,2.736,2.736,NaN,NaN
2023-07-24T21:45:00+08:00,2.736,2.737,2.732,2.734,NaN,NaN
2023-07-24T21:50:00+08:00,2.735,2.739,2.731,2.731,NaN,NaN
2023-07-24T21:55:00+08:00,2.738,2.738,2.738,2.738,NaN,NaN
2023-07-24T22:00:00+08:00,2.737,2.737,2.727,2.728,NaN,NaN
2023-07-24T22:05:00+08:00,2.729,2.737,2.728,2.736,NaN,NaN
2023-07-24T22:10:00+08:00,2.733,2.733,2.732,2.732,NaN,NaN
2023-07-24T22:15:00+08:00,2.735,2.736,2.729,2.729,NaN,NaN
2023-07-24T22:20:00+08:00,2.727,2.735,2.724,2.735,NaN,NaN
2023-07-24T22:25:00+08:00,2.735,2.749,2.735,2.749,NaN,NaN
2023-07-24T22:30:00+08:00,2.745,2.749,2.74,2.749,NaN,NaN
2023-07-24T22:35:00+08:00,2.754,2.755,2.743,2.747,NaN,NaN
2023-07-24T22:40:00+08:00,2.748,2.748,2.743,2.745,NaN,NaN
2023-07-24T22:50:00+08:00,2.748,2.748,2.747,2.747,NaN,NaN
2023-07-24T22:55:00+08:00,2.747,2.749,2.743,2.744,NaN,NaN
2023-07-24T23:00:00+08:00,2.737,2.737,2.736,2.736,NaN,NaN
2023-07-24T23:05:00+08:00,2.729,2.729,2.711,2.712,NaN,NaN
2023-07-24T23:10:00+08:00,2.712,2.713,2.704,2.71,NaN,NaN
2023-07-24T23:15:00+08:00,2.714,2.719,2.712,2.719,NaN,NaN
2023-07-24T23:20:00+08:00,2.722,2.725,2.722,2.725,NaN,NaN
2023-07-24T23:25:00+08:00,2.728,2.73,2.727,2.73,NaN,NaN
2023-07-24T23:30:00+08:00,2.731,2.732,2.721,2.721,NaN,NaN
2023-07-24T23:35:00+08:00,2.724,2.724,2.723,2.723,NaN,NaN
2023-07-24T23:40:00+08:00,2.723,2.723,2.72,2.72,NaN,NaN
2023-07-24T23:45:00+08:00,2.717,2.717,2.717,2.717,NaN,NaN
2023-07-24T23:50:00+08:00,2.72,2.72,2.719,2.719,NaN,NaN
2023-07-24T23:55:00+08:00,2.723,2.737,2.723,2.729,NaN,NaN
2023-07-25T00:00:00+08:00,2.725,2.726,2.724,2.724,NaN,NaN
2023-07-25T00:05:00+08:00,2.724,2.724,2.717,2.717,NaN,NaN
2023-07-25T00:10:00+08:00,2.72,2.72,2.71,2.71,NaN,NaN
2023-07-25T00:15:00+08:00,2.714,2.714,2.702,2.702,NaN,NaN
2023-07-25T00:20:00+08:00,2.702,2.711,2.701,2.711,NaN,NaN
2023-07-25T00:25:00+08:00,2.71,2.713,2.709,2.711,NaN,NaN
2023-07-25T00:30:00+08:00,2.712,2.716,2.71,2.716,NaN,NaN
2023-07-25T00:35:00+08:00,2.719,2.719,2.719,2.719,NaN,NaN
2023-07-25T00:40:00+08:00,2.722,2.722,2.719,2.719,NaN,NaN
2023-07-25T00:50:00+08:00,2.719,2.722,2.719,2.722,NaN,NaN
2023-07-25T00:55:00+08:00,2.72,2.723,2.717,2.723,NaN,NaN
2023-07-25T01:00:00+08:00,2.72,2.72,2.717,2.719,NaN,NaN
2023-07-25T01:10:00+08:00,2.718,2.718,2.718,2.718,NaN,NaN
2023-07-25T01:15:00+08:00,2.718,2.719,2.717,2.717,NaN,NaN
2023-07-25T01:20:00+08:00,2.719,2.721,2.719,2.721,NaN,NaN
2023-07-25T01:25:00+08:00,2.719,2.721,2.708,2.716,NaN,NaN
2023-07-25T01:30:00+08:00,2.718,2.719,2.716,2.719,NaN,NaN
2023-07-25T01:35:00+08:00,2.716,2.716,2.712,2.715,NaN,NaN
2023-07-25T01:40:00+08:00,2.716,2.716,2.716,2.716,NaN,NaN
2023-07-25T01:45:00+08:00,2.716,2.717,2.716,2.717,NaN,NaN
2023-07-25T01:50:00+08:00,2.717,2.719,2.714,2.718,NaN,NaN
2023-07-25T01:55:00+08:00,2.718,2.718,2.714,2.715,NaN,NaN
2023-07-25T02:00:00+08:00,2.716,2.716,2.712,2.712,NaN,NaN
2023-07-25T02:10:00+08:00,2.715,2.716,2.714,2.714,NaN,NaN
2023-07-25T02:15:00+08:00,2.714,2.715,2.712,2.715,NaN,NaN
2023-07-25T02:20:00+08:00,2.715,2.717,2.715,2.717,NaN,NaN
2023-07-25T02:25:00+08:00,2.717,2.72,2.717,2.717,NaN,NaN
2023-07-25T02:30:00+08:00,2.718,2.722,2.718,2.722,NaN,NaN
2023-07-25T02:35:00+08:00,2.723,2.728,2.723,2.727,NaN,NaN
2023-07-25T02:45:00+08:00,2.726,2.732,2.724,2.728,NaN,NaN
2023-07-25T02:50:00+08:00,2.727,2.727,2.725,2.725,NaN,NaN
2023-07-25T02:55:00+08:00,2.728,2.731,2.728,2.728,NaN,NaN
2023-07-25T03:00:00+08:00,2.729,2.732,2.729,2.732,NaN,NaN
2023-07-25T03:05:00+08:00,2.731,2.731,2.731,2.731,NaN,NaN
2023-07-25T03:10:00+08:00,2.732,2.732,2.729,2.729,NaN,NaN
2023-07-25T03:15:00+08:00,2.732,2.732,2.731,2.731,NaN,NaN
2023-07-25T03:20:00+08:00,2.729,2.729,2.729,2.729,NaN,NaN
2023-07-25T03:25:00+08:00,2.726,2.726,2.706,2.715,NaN,NaN
2023-07-25T03:30:00+08:00,2.712,2.712,2.712,2.712,NaN,NaN
2023-07-25T03:35:00+08:00,2.711,2.711,2.686,2.704,NaN,NaN
2023-07-25T03:40:00+08:00,2.704,2.71,2.703,2.703,NaN,NaN
2023-07-25T03:45:00+08:00,2.702,2.707,2.702,2.704,NaN,NaN
2023-07-25T03:50:00+08:00,2.701,2.706,2.701,2.701,NaN,NaN
2023-07-25T03:55:00+08:00,2.701,2.701,2.7,2.7,NaN,NaN
2023-07-25T04:00:00+08:00,2.702,2.704,2.702,2.702,NaN,NaN
2023-07-25T04:05:00+08:00,2.701,2.701,2.699,2.699,NaN,NaN
2023-07-25T04:10:00+08:00,2.702,2.702,2.699,2.699,NaN,NaN
2023-07-25T04:15:00+08:00,2.698,2.699,2.697,2.699,NaN,NaN
2023-07-25T04:20:00+08:00,2.697,2.699,2.691,2.691,NaN,NaN
2023-07-25T04:25:00+08:00,2.692,2.692,2.691,2.691,NaN,NaN
2023-07-25T04:30:00+08:00,2.691,2.691,2.688,2.688,NaN,NaN
2023-07-25T04:35:00+08:00,2.688,2.689,2.681,2.685,NaN,NaN
2023-07-25T04:40:00+08:00,2.686,2.686,2.678,2.68,NaN,NaN
2023-07-25T04:45:00+08:00,2.68,2.688,2.68,2.686,NaN,NaN
2023-07-25T04:55:00+08:00,2.689,2.698,2.689,2.698,NaN,NaN
2023-07-25T05:00:00+08:00,2.698,2.706,2.698,2.706,NaN,NaN
2023-07-25T05:10:00+08:00,2.705,2.705,2.705,2.705,NaN,NaN
2023-07-25T05:15:00+08:00,2.706,2.711,2.704,2.71,NaN,NaN
2023-07-25T05:20:00+08:00,2.709,2.711,2.709,2.711,NaN,NaN
2023-07-25T05:30:00+08:00,2.71,2.712,2.71,2.712,NaN,NaN
2023-07-25T05:35:00+08:00,2.712,2.716,2.707,2.71,NaN,NaN
2023-07-25T05:40:00+08:00,2.706,2.706,2.706,2.706,NaN,NaN
2023-07-25T05:45:00+08:00,2.706,2.706,2.702,2.704,NaN,NaN
2023-07-25T05:50:00+08:00,2.702,2.702,2.702,2.702,NaN,NaN
2023-07-25T05:55:00+08:00,2.704,2.707,2.703,2.706,NaN,NaN
2023-07-25T06:00:00+08:00,2.704,2.708,2.702,2.708,NaN,NaN
2023-07-25T06:10:00+08:00,2.709,2.71,2.709,2.71,NaN,NaN
2023-07-25T06:20:00+08:00,2.709,2.709,2.706,2.706,NaN,NaN
2023-07-25T06:25:00+08:00,2.707,2.707,2.707,2.707,NaN,NaN
2023-07-25T06:30:00+08:00,2.706,2.706,2.699,2.703,NaN,NaN
2023-07-25T06:35:00+08:00,2.703,2.703,2.703,2.703,NaN,NaN
2023-07-25T06:40:00+08:00,2.705,2.705,2.705,2.705,NaN,NaN
2023-07-25T06:50:00+08:00,2.702,2.702,2.702,2.702,NaN,NaN
2023-07-25T06:55:00+08:00,2.702,2.702,2.695,2.695,NaN,NaN
2023-07-25T07:05:00+08:00,2.696,2.696,2.695,2.695,NaN,NaN
2023-07-25T07:10:00+08:00,2.697,2.697,2.697,2.697,NaN,NaN
2023-07-25T07:15:00+08:00,2.696,2.696,2.696,2.696,NaN,NaN
2023-07-25T07:20:00+08:00,2.699,2.699,2.699,2.699,NaN,NaN
2023-07-25T07:25:00+08:00,2.7,2.701,2.698,2.7,NaN,NaN
2023-07-25T07:30:00+08:00,2.7,2.7,2.698,2.698,NaN,NaN
2023-07-25T07:35:00+08:00,2.701,2.701,2.701,2.701,NaN,NaN
2023-07-25T07:40:00+08:00,2.701,2.701,2.699,2.699,NaN,NaN
2023-07-25T07:55:00+08:00,2.702,2.702,2.702,2.702,NaN,NaN
2023-07-25T08:00:00+08:00,2.701,2.701,2.698,2.698,NaN,NaN
2023-07-25T08:05:00+08:00,2.7,2.702,2.7,2.702,NaN,NaN
2023-07-25T08:10:00+08:00,2.698,2.711,2.698,2.711,NaN,NaN
2023-07-25T08:15:00+08:00,2.71,2.71,2.71,2.71,NaN,NaN
2023-07-25T08:20:00+08:00,2.71,2.71,2.71,2.71,NaN,NaN
2023-07-25T08:25:00+08:00,2.711,2.72,2.711,2.718,NaN,NaN
2023-07-25T08:30:00+08:00,2.717,2.735,2.717,2.73,NaN,NaN
2023-07-25T08:35:00+08:00,2.729,2.735,2.727,2.728,NaN,NaN
2023-07-25T08:40:00+08:00,2.726,2.749,2.726,2.733,NaN,NaN
2023-07-25T08:45:00+08:00,2.733,2.734,2.732,2.734,NaN,NaN
2023-07-25T08:50:00+08:00,2.732,2.732,2.727,2.728,NaN,NaN
2023-07-25T08:55:00+08:00,2.728,2.738,2.726,2.732,NaN,NaN
2023-07-25T09:00:00+08:00,2.733,2.733,2.733,2.733,NaN,NaN
2023-07-25T09:05:00+08:00,2.736,2.736,2.732,2.732,NaN,NaN
2023-07-25T09:10:00+08:00,2.731,2.731,2.731,2.731,NaN,NaN
2023-07-25T09:15:00+08:00,2.732,2.761,2.732,2.753,NaN,NaN
2023-07-25T09:20:00+08:00,2.749,2.75,2.748,2.75,NaN,NaN
2023-07-25T09:25:00+08:00,2.751,2.751,2.743,2.743,NaN,NaN
2023-07-25T09:30:00+08:00,2.746,2.746,2.743,2.743,NaN,NaN
2023-07-25T09:35:00+08:00,2.738,2.74,2.737,2.74,NaN,NaN
2023-07-25T09:40:00+08:00,2.741,2.741,2.737,2.737,NaN,NaN
2023-07-25T09:45:00+08:00,2.741,2.741,2.739,2.741,NaN,NaN
2023-07-25T09:50:00+08:00,2.74,2.74,2.736,2.736,NaN,NaN
2023-07-25T09:55:00+08:00,2.736,2.736,2.734,2.734,NaN,NaN
2023-07-25T10:00:00+08:00,2.731,2.731,2.729,2.73,NaN,NaN
2023-07-25T10:10:00+08:00,2.733,2.734,2.731,2.731,NaN,NaN
2023-07-25T10:15:00+08:00,2.733,2.733,2.733,2.733,NaN,NaN
2023-07-25T10:40:00+08:00,2.74,2.74,2.74,2.74,NaN,NaN
2023-07-25T10:45:00+08:00,2.74,2.742,2.74,2.74,NaN,NaN
2023-07-25T10:50:00+08:00,2.738,2.74,2.736,2.736,NaN,NaN
2023-07-25T10:55:00+08:00,2.739,2.742,2.739,2.742,NaN,NaN
2023-07-25T11:00:00+08:00,2.745,2.745,2.739,2.739,NaN,NaN
2023-07-25T11:10:00+08:00,2.735,2.738,2.732,2.738,NaN,NaN
2023-07-25T11:15:00+08:00,2.734,2.734,2.734,2.734,NaN,NaN
2023-07-25T11:20:00+08:00,2.737,2.737,2.737,2.737,NaN,NaN
2023-07-25T11:25:00+08:00,2.734,2.735,2.732,2.732,NaN,NaN
2023-07-25T11:30:00+08:00,2.736,2.74,2.736,2.74,NaN,NaN
2023-07-25T11:35:00+08:00,2.74,2.741,2.74,2.741,NaN,NaN
2023-07-25T11:40:00+08:00,2.738,2.738,2.737,2.737,NaN,NaN
2023-07-25T11:45:00+08:00,2.738,2.738,2.737,2.737,NaN,NaN
2023-07-25T11:55:00+08:00,2.741,2.746,2.741,2.746,NaN,NaN
2023-07-25T12:00:00+08:00,2.748,2.749,2.746,2.746,NaN,NaN
2023-07-25T12:05:00+08:00,2.743,2.743,2.743,2.743,NaN,NaN
2023-07-25T12:10:00+08:00,2.743,2.743,2.74,2.74,NaN,NaN
2023-07-25T12:20:00+08:00,2.738,2.738,2.738,2.738,NaN,NaN
2023-07-25T12:25:00+08:00,2.738,2.739,2.738,2.738,NaN,NaN
2023-07-25T12:30:00+08:00,2.736,2.736,2.735,2.735,NaN,NaN
2023-07-25T12:35:00+08:00,2.734,2.734,2.73,2.73,NaN,NaN
2023-07-25T12:40:00+08:00,2.734,2.734,2.734,2.734,NaN,NaN
2023-07-25T12:45:00+08:00,2.734,2.734,2.734,2.734,NaN,NaN
2023-07-25T12:50:00+08:00,2.735,2.735,2.735,2.735,NaN,NaN
2023-07-25T13:00:00+08:00,2.736,2.736,2.736,2.736,NaN,NaN
2023-07-25T13:10:00+08:00,2.733,2.743,2.733,2.743,NaN,NaN
2023-07-25T13:15:00+08:00,2.743,2.746,2.743,2.746,NaN,NaN
2023-07-25T13:20:00+08:00,2.746,2.749,2.746,2.749,NaN,NaN
2023-07-25T13:25:00+08:00,2.749,2.749,2.749,2.749,NaN,NaN
2023-07-25T13:30:00+08:00,2.749,2.749,2.747,2.747,NaN,NaN
2023-07-25T13:35:00+08:00,2.747,2.748,2.747,2.748,NaN,NaN
2023-07-25T13:40:00+08:00,2.748,2.748,2.748,2.748,NaN,NaN
2023-07-25T13:45:00+08:00,2.748,2.752,2.748,2.752,NaN,NaN
2023-07-25T13:50:00+08:00,2.753,2.753,2.752,2.752,NaN,NaN
2023-07-25T13:55:00+08:00,2.755,2.756,2.75,2.75,NaN,NaN
2023-07-25T14:00:00+08:00,2.747,2.747,2.747,2.747,NaN,NaN
2023-07-25T14:05:00+08:00,2.75,2.75,2.749,2.749,NaN,NaN
2023-07-25T14:10:00+08:00,2.749,2.749,2.749,2.749,NaN,NaN
2023-07-25T14:15:00+08:00,2.752,2.752,2.752,2.752,NaN,NaN
2023-07-25T14:20:00+08:00,2.749,2.749,2.741,2.741,NaN,NaN
2023-07-25T14:30:00+08:00,2.746,2.748,2.746,2.748,NaN,NaN
2023-07-25T14:35:00+08:00,2.739,2.743,2.739,2.743,NaN,NaN
2023-07-25T14:40:00+08:00,2.744,2.744,2.743,2.744,NaN,NaN
2023-07-25T14:45:00+08:00,2.738,2.741,2.737,2.741,NaN,NaN
2023-07-25T14:50:00+08:00,2.747,2.749,2.747,2.749,NaN,NaN
2023-07-25T14:55:00+08:00,2.749,2.749,2.744,2.744,NaN,NaN
2023-07-25T15:00:00+08:00,2.748,2.754,2.748,2.754,NaN,NaN
2023-07-25T15:05:00+08:00,2.754,2.754,2.744,2.744,NaN,NaN
2023-07-25T15:10:00+08:00,2.748,2.748,2.748,2.748,NaN,NaN
2023-07-25T15:15:00+08:00,2.742,2.742,2.742,2.742,NaN,NaN
2023-07-25T15:20:00+08:00,2.742,2.745,2.742,2.745,NaN,NaN
2023-07-25T15:25:00+08:00,2.745,2.745,2.745,2.745,NaN,NaN
2023-07-25T15:30:00+08:00,2.745,2.749,2.745,2.748,NaN,NaN
2023-07-25T15:35:00+08:00,2.747,2.753,2.747,2.75,NaN,NaN
2023-07-25T15:40:00+08:00,2.751,2.753,2.748,2.753,NaN,NaN
2023-07-25T15:45:00+08:00,2.753,2.76,2.748,2.748,NaN,NaN
2023-07-25T15:50:00+08:00,2.748,2.756,2.748,2.75,NaN,NaN
2023-07-25T15:55:00+08:00,2.751,2.754,2.751,2.752,NaN,NaN
2023-07-25T16:00:00+08:00,2.75,2.755,2.749,2.755,NaN,NaN
2023-07-25T16:05:00+08:00,2.753,2.753,2.751,2.751,NaN,NaN
2023-07-25T16:10:00+08:00,2.75,2.75,2.749,2.75,NaN,NaN
2023-07-25T16:20:00+08:00,2.75,2.75,2.747,2.747,NaN,NaN
2023-07-25T16:25:00+08:00,2.747,2.758,2.747,2.753,NaN,NaN
2023-07-25T16:30:00+08:00,2.756,2.756,2.753,2.753,NaN,NaN
2023-07-25T16:40:00+08:00,2.753,2.757,2.753,2.757,NaN,NaN
2023-07-25T16:50:00+08:00,2.76,2.765,2.758,2.76,NaN,NaN
2023-07-25T16:55:00+08:00,2.76,2.761,2.759,2.761,NaN,NaN
2023-07-25T17:00:00+08:00,2.759,2.765,2.759,2.765,NaN,NaN
2023-07-25T17:05:00+08:00,2.765,2.765,2.765,2.765,NaN,NaN
2023-07-25T17:10:00+08:00,2.762,2.767,2.762,2.765,NaN,NaN
2023-07-25T17:15:00+08:00,2.763,2.765,2.759,2.76,NaN,NaN
2023-07-25T17:20:00+08:00,2.76,2.777,2.74,2.754,NaN,NaN
2023-07-25T17:25:00+08:00,2.753,2.753,2.745,2.745,NaN,NaN
2023-07-25T17:30:00+08:00,2.749,2.75,2.745,2.748,NaN,NaN
2023-07-25T17:35:00+08:00,2.748,2.751,2.748,2.751,NaN,NaN
2023-07-25T17:40:00+08:00,2.749,2.749,2.749,2.749,NaN,NaN
2023-07-25T17:45:00+08:00,2.749,2.749,2.746,2.748,NaN,NaN
2023-07-25T17:50:00+08:00,2.748,2.748,2.748,2.748,NaN,NaN
2023-07-25T17:55:00+08:00,2.745,2.745,2.739,2.741,NaN,NaN
2023-07-25T18:05:00+08:00,2.738,2.741,2.736,2.736,NaN,NaN
2023-07-25T18:10:00+08:00,2.736,2.74,2.736,2.737,NaN,NaN
2023-07-25T18:15:00+08:00,2.736,2.739,2.729,2.734,NaN,NaN
2023-07-25T18:20:00+08:00,2.735,2.737,2.735,2.737,NaN,NaN
2023-07-25T18:25:00+08:00,2.737,2.739,2.737,2.739,NaN,NaN
2023-07-25T18:30:00+08:00,2.74,2.744,2.735,2.737,NaN,NaN
2023-07-25T18:35:00+08:00,2.742,2.76,2.742,2.75,NaN,NaN
2023-07-25T18:40:00+08:00,2.748,2.76,2.748,2.748,NaN,NaN
2023-07-25T18:45:00+08:00,2.752,2.766,2.747,2.757,NaN,NaN
2023-07-25T18:50:00+08:00,2.757,2.771,2.75,2.764,NaN,NaN
2023-07-25T18:55:00+08:00,2.762,2.767,2.762,2.762,NaN,NaN
2023-07-25T19:00:00+08:00,2.762,2.762,2.756,2.758,NaN,NaN
2023-07-25T19:05:00+08:00,2.763,2.768,2.763,2.767,NaN,NaN
2023-07-25T19:10:00+08:00,2.768,2.776,2.767,2.767,NaN,NaN
2023-07-25T19:15:00+08:00,2.767,2.769,2.767,2.769,NaN,NaN
2023-07-25T19:20:00+08:00,2.767,2.779,2.767,2.773,NaN,NaN
2023-07-25T19:25:00+08:00,2.774,2.787,2.774,2.778,NaN,NaN
2023-07-25T19:30:00+08:00,2.775,2.789,2.769,2.775,NaN,NaN
2023-07-25T19:35:00+08:00,2.777,2.787,2.77,2.786,NaN,NaN
2023-07-25T19:40:00+08:00,2.786,2.794,2.779,2.789,NaN,NaN
2023-07-25T19:45:00+08:00,2.786,2.8,2.779,2.783,NaN,NaN
2023-07-25T19:50:00+08:00,2.783,2.791,2.781,2.791,NaN,NaN
2023-07-25T19:55:00+08:00,2.78,2.795,2.779,2.788,NaN,NaN
2023-07-25T20:00:00+08:00,2.785,2.792,2.785,2.79,NaN,NaN
2023-07-25T20:05:00+08:00,2.787,2.795,2.787,2.79,NaN,NaN
2023-07-25T20:10:00+08:00,2.793,2.805,2.79,2.805,NaN,NaN
2023-07-25T20:15:00+08:00,2.805,2.81,2.797,2.798,NaN,NaN
2023-07-25T20:20:00+08:00,2.8,2.811,2.8,2.806,NaN,NaN
2023-07-25T20:25:00+08:00,2.805,2.806,2.799,2.805,NaN,NaN
2023-07-25T20:30:00+08:00,2.806,2.811,2.802,2.808,NaN,NaN
2023-07-25T20:35:00+08:00,2.805,2.812,2.803,2.812,NaN,NaN
2023-07-25T20:40:00+08:00,2.808,2.808,2.796,2.799,NaN,NaN
2023-07-25T20:45:00+08:00,2.799,2.799,2.79,2.795,NaN,NaN
2023-07-25T20:50:00+08:00,2.792,2.793,2.785,2.788,NaN,NaN
2023-07-25T20:55:00+08:00,2.788,2.8,2.784,2.789,NaN,NaN
2023-07-25T21:00:00+08:00,2.793,2.813,2.789,2.795,NaN,NaN
2023-07-25T21:05:00+08:00,2.791,2.808,2.791,2.805,NaN,NaN
2023-07-25T21:10:00+08:00,2.805,2.82,2.805,2.813,NaN,NaN
2023-07-25T21:15:00+08:00,2.812,2.819,2.811,2.814,NaN,NaN
2023-07-25T21:20:00+08:00,2.814,2.831,2.812,2.818,NaN,NaN
2023-07-25T21:25:00+08:00,2.818,2.821,2.815,2.82,NaN,NaN
2023-07-25T21:30:00+08:00,2.817,2.839,2.814,2.825,NaN,NaN
2023-07-25T21:35:00+08:00,2.829,2.839,2.828,2.838,NaN,NaN
2023-07-25T21:40:00+08:00,2.833,2.845,2.833,2.845,NaN,NaN
2023-07-25T21:45:00+08:00,2.845,2.845,2.834,2.834,NaN,NaN
2023-07-25T21:50:00+08:00,2.831,2.832,2.827,2.832,NaN,NaN
2023-07-25T21:55:00+08:00,2.829,2.829,2.827,2.827,NaN,NaN
2023-07-25T22:00:00+08:00,2.83,2.839,2.825,2.826,NaN,NaN
2023-07-25T22:05:00+08:00,2.826,2.829,2.822,2.823,NaN,NaN
2023-07-25T22:10:00+08:00,2.823,2.824,2.8,2.807,NaN,NaN
2023-07-25T22:15:00+08:00,2.812,2.823,2.812,2.815,NaN,NaN
2023-07-25T22:20:00+08:00,2.812,2.812,2.802,2.807,NaN,NaN
2023-07-25T22:25:00+08:00,2.804,2.808,2.802,2.802,NaN,NaN
2023-07-25T22:30:00+08:00,2.801,2.801,2.795,2.795,NaN,NaN
2023-07-25T22:35:00+08:00,2.795,2.807,2.795,2.805,NaN,NaN
2023-07-25T22:40:00+08:00,2.798,2.799,2.798,2.798,NaN,NaN
2023-07-25T22:45:00+08:00,2.798,2.799,2.798,2.798,NaN,NaN
2023-07-25T22:50:00+08:00,2.8,2.801,2.8,2.801,NaN,NaN
2023-07-25T22:55:00+08:00,2.798,2.798,2.798,2.798,NaN,NaN
2023-07-25T23:00:00+08:00,2.798,2.801,2.797,2.801,NaN,NaN
2023-07-25T23:05:00+08:00,2.8,2.805,2.799,2.8,NaN,NaN
2023-07-25T23:10:00+08:00,2.8,2.801,2.799,2.801,NaN,NaN
2023-07-25T23:15:00+08:00,2.799,2.81,2.798,2.806,NaN,NaN
2023-07-25T23:20:00+08:00,2.807,2.807,2.807,2.807,NaN,NaN
2023-07-25T23:25:00+08:00,2.804,2.804,2.801,2.801,NaN,NaN
2023-07-25T23:30:00+08:00,2.8,2.8,2.8,2.8,NaN,NaN
2023-07-25T23:35:00+08:00,2.804,2.804,2.804,2.804,NaN,NaN
2023-07-25T23:40:00+08:00,2.806,2.806,2.806,2.806,NaN,NaN
2023-07-25T23:45:00+08:00,2.803,2.803,2.8,2.8,NaN,NaN
2023-07-25T23:55:00+08:00,2.8,2.8,2.794,2.8,NaN,NaN
2023-07-26T00:00:00+08:00,2.8,2.804,2.799,2.8,NaN,NaN
2023-07-26T00:05:00+08:00,2.799,2.803,2.799,2.803,NaN,NaN
2023-07-26T00:10:00+08:00,2.8,2.8,2.8,2.8,NaN,NaN
2023-07-26T00:15:00+08:00,2.798,2.8,2.798,2.8,NaN,NaN
2023-07-26T00:20:00+08:00,2.8,2.8,2.8,2.8,NaN,NaN
2023-07-26T00:25:00+08:00,2.796,2.796,2.792,2.796,NaN,NaN
2023-07-26T00:30:00+08:00,2.794,2.794,2.79,2.794,NaN,NaN
2023-07-26T00:35:00+08:00,2.794,2.795,2.794,2.795,NaN,NaN
2023-07-26T00:40:00+08:00,2.796,2.796,2.796,2.796,NaN,NaN
2023-07-26T00:45:00+08:00,2.795,2.795,2.788,2.789,NaN,NaN
2023-07-26T00:50:00+08:00,2.787,2.787,2.785,2.786,NaN,NaN
2023-07-26T00:55:00+08:00,2.788,2.793,2.788,2.793,NaN,NaN
2023-07-26T01:00:00+08:00,2.791,2.792,2.791,2.792,NaN,NaN
2023-07-26T01:05:00+08:00,2.79,2.79,2.78,2.78,NaN,NaN
2023-07-26T01:10:00+08:00,2.786,2.787,2.785,2.785,NaN,NaN
2023-07-26T01:15:00+08:00,2.787,2.787,2.787,2.787,NaN,NaN
2023-07-26T01:20:00+08:00,2.789,2.79,2.789,2.79,NaN,NaN
2023-07-26T01:25:00+08:00,2.792,2.794,2.79,2.79,NaN,NaN
2023-07-26T01:30:00+08:00,2.793,2.795,2.79,2.795,NaN,NaN
2023-07-26T01:35:00+08:00,2.795,2.795,2.795,2.795,NaN,NaN
2023-07-26T01:40:00+08:00,2.794,2.794,2.794,2.794,NaN,NaN
2023-07-26T01:45:00+08:00,2.791,2.791,2.786,2.787,NaN,NaN
2023-07-26T01:50:00+08:00,2.786,2.786,2.783,2.783,NaN,NaN
2023-07-26T01:55:00+08:00,2.789,2.79,2.785,2.789,NaN,NaN
2023-07-26T02:00:00+08:00,2.788,2.793,2.785,2.793,NaN,NaN
2023-07-26T02:05:00+08:00,2.793,2.793,2.788,2.788,NaN,NaN
2023-07-26T02:15:00+08:00,2.789,2.789,2.788,2.788,NaN,NaN
2023-07-26T02:25:00+08:00,2.793,2.798,2.791,2.798,NaN,NaN
2023-07-26T02:30:00+08:00,2.797,2.81,2.796,2.805,NaN,NaN
2023-07-26T02:35:00+08:00,2.81,2.822,2.81,2.822,NaN,NaN
2023-07-26T02:40:00+08:00,2.823,2.823,2.82,2.82,NaN,NaN
2023-07-26T02:45:00+08:00,2.816,2.817,2.816,2.817,NaN,NaN
2023-07-26T02:55:00+08:00,2.817,2.817,2.811,2.811,NaN,NaN
2023-07-26T03:00:00+08:00,2.813,2.814,2.813,2.814,NaN,NaN
2023-07-26T03:05:00+08:00,2.816,2.816,2.816,2.816,NaN,NaN
2023-07-26T03:10:00+08:00,2.816,2.818,2.816,2.818,NaN,NaN
2023-07-26T03:15:00+08:00,2.816,2.819,2.815,2.815,NaN,NaN
2023-07-26T03:20:00+08:00,2.819,2.82,2.814,2.814,NaN,NaN
2023-07-26T03:25:00+08:00,2.814,2.814,2.814,2.814,NaN,NaN
2023-07-26T03:30:00+08:00,2.82,2.82,2.813,2.813,NaN,NaN
2023-07-26T03:35:00+08:00,2.811,2.812,2.806,2.806,NaN,NaN
2023-07-26T03:45:00+08:00,2.809,2.809,2.809,2.809,NaN,NaN
2023-07-26T03:50:00+08:00,2.809,2.811,2.804,2.804,NaN,NaN
2023-07-26T03:55:00+08:00,2.803,2.803,2.786,2.786,NaN,NaN
2023-07-26T04:00:00+08:00,2.789,2.812,2.789,2.801,NaN,NaN
2023-07-26T04:05:00+08:00,2.801,2.811,2.801,2.806,NaN,NaN
2023-07-26T04:10:00+08:00,2.806,2.809,2.795,2.795,NaN,NaN
2023-07-26T04:15:00+08:00,2.794,2.795,2.79,2.795,NaN,NaN
2023-07-26T04:20:00+08:00,2.787,2.793,2.787,2.793,NaN,NaN
2023-07-26T04:25:00+08:00,2.793,2.795,2.79,2.795,NaN,NaN
2023-07-26T04:30:00+08:00,2.794,2.807,2.794,2.807,NaN,NaN
2023-07-26T04:35:00+08:00,2.804,2.804,2.787,2.79,NaN,NaN
2023-07-26T04:40:00+08:00,2.788,2.792,2.788,2.79,NaN,NaN
2023-07-26T04:45:00+08:00,2.79,2.792,2.79,2.791,NaN,NaN
2023-07-26T04:50:00+08:00,2.791,2.791,2.79,2.79,NaN,NaN
2023-07-26T04:55:00+08:00,2.789,2.789,2.784,2.788,NaN,NaN
2023-07-26T05:00:00+08:00,2.787,2.787,2.787,2.787,NaN,NaN
2023-07-26T05:05:00+08:00,2.789,2.791,2.789,2.791,NaN,NaN
2023-07-26T05:10:00+08:00,2.792,2.793,2.792,2.793,NaN,NaN
2023-07-26T05:15:00+08:00,2.793,2.793,2.789,2.793,NaN,NaN
2023-07-26T05:20:00+08:00,2.795,2.795,2.795,2.795,NaN,NaN
2023-07-26T05:25:00+08:00,2.792,2.792,2.788,2.788,NaN,NaN
2023-07-26T05:35:00+08:00,2.791,2.795,2.786,2.794,NaN,NaN
2023-07-26T05:40:00+08:00,2.79,2.79,2.787,2.787,NaN,NaN
2023-07-26T05:45:00+08:00,2.791,2.793,2.791,2.793,NaN,NaN
2023-07-26T05:50:00+08:00,2.79,2.791,2.79,2.791,NaN,NaN
2023-07-26T05:55:00+08:00,2.787,2.787,2.786,2.786,NaN,NaN
2023-07-26T06:00:00+08:00,2.79,2.792,2.788,2.792,NaN,NaN
2023-07-26T06:15:00+08:00,2.791,2.791,2.791,2.791,NaN,NaN
2023-07-26T06:25:00+08:00,2.794,2.794,2.794,2.794,NaN,NaN
2023-07-26T06:30:00+08:00,2.791,2.791,2.791,2.791,NaN,NaN
2023-07-26T06:35:00+08:00,2.794,2.799,2.794,2.799,NaN,NaN
2023-07-26T06:45:00+08:00,2.794,2.794,2.794,2.794,NaN,NaN
2023-07-26T07:10:00+08:00,2.792,2.794,2.785,2.785,NaN,NaN
2023-07-26T07:15:00+08:00,2.784,2.786,2.78,2.786,NaN,NaN
2023-07-26T07:20:00+08:00,2.784,2.785,2.78,2.783,NaN,NaN
2023-07-26T07:25:00+08:00,2.785,2.785,2.785,2.785,NaN,NaN
2023-07-26T07:40:00+08:00,2.785,2.785,2.785,2.785,NaN,NaN
2023-07-26T07:50:00+08:00,2.786,2.793,2.786,2.79,NaN,NaN
2023-07-26T08:00:00+08:00,2.793,2.793,2.793,2.793,NaN,NaN
2023-07-26T08:05:00+08:00,2.797,2.797,2.788,2.792,NaN,NaN
2023-07-26T08:10:00+08:00,2.789,2.789,2.789,2.789,NaN,NaN
2023-07-26T08:15:00+08:00,2.789,2.793,2.789,2.793,NaN,NaN
2023-07-26T08:20:00+08:00,2.791,2.791,2.785,2.785,NaN,NaN
2023-07-26T08:25:00+08:00,2.78,2.786,2.778,2.786,NaN,NaN
2023-07-26T08:35:00+08:00,2.777,2.777,2.777,2.777,NaN,NaN
2023-07-26T08:40:00+08:00,2.784,2.786,2.784,2.786,NaN,NaN
2023-07-26T08:50:00+08:00,2.785,2.794,2.783,2.789,NaN,NaN
2023-07-26T09:00:00+08:00,2.788,2.788,2.788,2.788,NaN,NaN
2023-07-26T09:15:00+08:00,2.787,2.787,2.779,2.779,NaN,NaN
2023-07-26T09:20:00+08:00,2.781,2.787,2.781,2.787,NaN,NaN
2023-07-26T09:30:00+08:00,2.78,2.78,2.777,2.777,NaN,NaN
2023-07-26T09:35:00+08:00,2.776,2.778,2.773,2.774,NaN,NaN
2023-07-26T09:40:00+08:00,2.777,2.78,2.777,2.78,NaN,NaN
2023-07-26T09:45:00+08:00,2.779,2.779,2.779,2.779,NaN,NaN
2023-07-26T09:50:00+08:00,2.777,2.777,2.773,2.773,NaN,NaN
2023-07-26T09:55:00+08:00,2.773,2.773,2.771,2.772,NaN,NaN
2023-07-26T10:00:00+08:00,2.77,2.773,2.77,2.771,NaN,NaN
2023-07-26T10:10:00+08:00,2.777,2.777,2.766,2.771,NaN,NaN
2023-07-26T10:15:00+08:00,2.77,2.77,2.77,2.77,NaN,NaN
2023-07-26T10:20:00+08:00,2.771,2.774,2.771,2.774,NaN,NaN
2023-07-26T10:25:00+08:00,2.774,2.775,2.774,2.775,NaN,NaN
2023-07-26T10:35:00+08:00,2.777,2.777,2.773,2.773,NaN,NaN
2023-07-26T10:45:00+08:00,2.773,2.774,2.772,2.774,NaN,NaN
2023-07-26T10:50:00+08:00,2.777,2.777,2.777,2.777,NaN,NaN
2023-07-26T10:55:00+08:00,2.778,2.784,2.778,2.784,NaN,NaN
2023-07-26T11:05:00+08:00,2.784,2.787,2.782,2.787,NaN,NaN
2023-07-26T11:10:00+08:00,2.787,2.787,2.787,2.787,NaN,NaN
2023-07-26T11:15:00+08:00,2.786,2.786,2.786,2.786,NaN,NaN
2023-07-26T11:20:00+08:00,2.787,2.787,2.786,2.786,NaN,NaN
2023-07-26T11:25:00+08:00,2.787,2.787,2.786,2.786,NaN,NaN
2023-07-26T11:30:00+08:00,2.785,2.789,2.785,2.785,NaN,NaN
2023-07-26T11:40:00+08:00,2.787,2.787,2.787,2.787,NaN,NaN
2023-07-26T11:45:00+08:00,2.791,2.791,2.791,2.791,NaN,NaN
2023-07-26T11:50:00+08:00,2.792,2.794,2.792,2.794,NaN,NaN
2023-07-26T12:00:00+08:00,2.794,2.794,2.788,2.788,NaN,NaN
2023-07-26T12:10:00+08:00,2.788,2.788,2.788,2.788,NaN,NaN
2023-07-26T12:20:00+08:00,2.789,2.789,2.786,2.786,NaN,NaN
2023-07-26T12:25:00+08:00,2.79,2.79,2.79,2.79,NaN,NaN
2023-07-26T12:30:00+08:00,2.785,2.785,2.784,2.784,NaN,NaN
2023-07-26T12:35:00+08:00,2.78,2.78,2.78,2.78,NaN,NaN
2023-07-26T12:45:00+08:00,2.781,2.781,2.781,2.781,NaN,NaN
2023-07-26T12:50:00+08:00,2.784,2.784,2.783,2.783,NaN,NaN
2023-07-26T12:55:00+08:00,2.779,2.784,2.777,2.784,NaN,NaN
2023-07-26T13:00:00+08:00,2.782,2.782,2.782,2.782,NaN,NaN
2023-07-26T13:05:00+08:00,2.783,2.784,2.783,2.784,NaN,NaN
2023-07-26T13:15:00+08:00,2.785,2.788,2.785,2.785,NaN,NaN
2023-07-26T13:20:00+08:00,2.785,2.785,2.785,2.785,NaN,NaN
2023-07-26T13:25:00+08:00,2.785,2.785,2.785,2.785,NaN,NaN
2023-07-26T13:30:00+08:00,2.788,2.788,2.788,2.788,NaN,NaN
2023-07-26T13:35:00+08:00,2.789,2.791,2.789,2.791,NaN,NaN
2023-07-26T13:40:00+08:00,2.791,2.795,2.791,2.795,NaN,NaN
2023-07-26T13:50:00+08:00,2.794,2.794,2.794,2.794,NaN,NaN
2023-07-26T14:00:00+08:00,2.792,2.793,2.79,2.79,NaN,NaN
2023-07-26T14:05:00+08:00,2.79,2.79,2.789,2.789,NaN,NaN
2023-07-26T14:20:00+08:00,2.789,2.789,2.787,2.787,NaN,NaN
2023-07-26T14:25:00+08:00,2.788,2.788,2.788,2.788,NaN,NaN
2023-07-26T14:30:00+08:00,2.786,2.786,2.784,2.784,NaN,NaN
2023-07-26T14:35:00+08:00,2.786,2.786,2.786,2.786,NaN,NaN
2023-07-26T14:40:00+08:00,2.788,2.788,2.782,2.782,NaN,NaN
2023-07-26T14:45:00+08:00,2.783,2.783,2.777,2.777,NaN,NaN
2023-07-26T14:50:00+08:00,2.777,2.777,2.767,2.769,NaN,NaN
2023-07-26T14:55:00+08:00,2.768,2.771,2.768,2.771,NaN,NaN
2023-07-26T15:00:00+08:00,2.77,2.77,2.764,2.768,NaN,NaN
2023-07-26T15:05:00+08:00,2.769,2.769,2.769,2.769,NaN,NaN
2023-07-26T15:10:00+08:00,2.773,2.773,2.769,2.772,NaN,NaN
2023-07-26T15:15:00+08:00,2.769,2.769,2.764,2.764,NaN,NaN
2023-07-26T15:20:00+08:00,2.764,2.766,2.763,2.766,NaN,NaN
2023-07-26T15:25:00+08:00,2.766,2.766,2.763,2.763,NaN,NaN
2023-07-26T15:30:00+08:00,2.766,2.766,2.763,2.765,NaN,NaN
2023-07-26T15:35:00+08:00,2.763,2.764,2.762,2.762,NaN,NaN
2023-07-26T15:40:00+08:00,2.762,2.762,2.76,2.762,NaN,NaN
2023-07-26T15:45:00+08:00,2.762,2.762,2.762,2.762,NaN,NaN
2023-07-26T15:50:00+08:00,2.764,2.768,2.764,2.768,NaN,NaN
2023-07-26T15:55:00+08:00,2.768,2.77,2.767,2.769,NaN,NaN
2023-07-26T16:00:00+08:00,2.765,2.766,2.763,2.766,NaN,NaN
2023-07-26T16:05:00+08:00,2.765,2.765,2.764,2.764,NaN,NaN
2023-07-26T16:10:00+08:00,2.767,2.77,2.767,2.77,NaN,NaN
2023-07-26T16:15:00+08:00,2.77,2.77,2.77,2.77,NaN,NaN
2023-07-26T16:20:00+08:00,2.77,2.77,2.77,2.77,NaN,NaN
2023-07-26T16:25:00+08:00,2.771,2.779,2.771,2.776,NaN,NaN
2023-07-26T16:30:00+08:00,2.776,2.776,2.77,2.773,NaN,NaN
2023-07-26T16:35:00+08:00,2.772,2.776,2.772,2.776,NaN,NaN
2023-07-26T16:40:00+08:00,2.776,2.778,2.776,2.778,NaN,NaN
2023-07-26T16:45:00+08:00,2.777,2.778,2.777,2.778,NaN,NaN
2023-07-26T16:50:00+08:00,2.775,2.775,2.771,2.774,NaN,NaN
2023-07-26T16:55:00+08:00,2.772,2.772,2.77,2.772,NaN,NaN
2023-07-26T17:00:00+08:00,2.773,2.773,2.763,2.769,NaN,NaN
2023-07-26T17:10:00+08:00,2.768,2.768,2.768,2.768,NaN,NaN
2023-07-26T17:15:00+08:00,2.766,2.766,2.766,2.766,NaN,NaN
2023-07-26T17:20:00+08:00,2.765,2.765,2.756,2.76,NaN,NaN
2023-07-26T17:25:00+08:00,2.759,2.759,2.757,2.757,NaN,NaN
2023-07-26T17:30:00+08:00,2.756,2.756,2.716,2.744,NaN,NaN
2023-07-26T17:35:00+08:00,2.744,2.744,2.738,2.738,NaN,NaN
2023-07-26T17:40:00+08:00,2.737,2.738,2.737,2.738,NaN,NaN
2023-07-26T17:45:00+08:00,2.738,2.74,2.738,2.74,NaN,NaN
2023-07-26T17:50:00+08:00,2.737,2.739,2.737,2.737,NaN,NaN
2023-07-26T17:55:00+08:00,2.739,2.739,2.739,2.739,NaN,NaN
2023-07-26T18:00:00+08:00,2.739,2.76,2.737,2.76,NaN,NaN
2023-07-26T18:05:00+08:00,2.761,2.764,2.753,2.753,NaN,NaN
2023-07-26T18:10:00+08:00,2.753,2.757,2.752,2.756,NaN,NaN
2023-07-26T18:15:00+08:00,2.76,2.76,2.76,2.76,NaN,NaN
2023-07-26T18:20:00+08:00,2.756,2.76,2.756,2.756,NaN,NaN
2023-07-26T18:25:00+08:00,2.757,2.76,2.757,2.758,NaN,NaN
2023-07-26T18:30:00+08:00,2.758,2.764,2.758,2.763,NaN,NaN
2023-07-26T18:35:00+08:00,2.761,2.761,2.758,2.76,NaN,NaN
2023-07-26T18:40:00+08:00,2.763,2.764,2.763,2.764,NaN,NaN
2023-07-26T18:45:00+08:00,2.761,2.763,2.761,2.763,NaN,NaN
2023-07-26T18:50:00+08:00,2.761,2.763,2.758,2.758,NaN,NaN
2023-07-26T18:55:00+08:00,2.761,2.762,2.757,2.757,NaN,NaN
2023-07-26T19:05:00+08:00,2.758,2.758,2.756,2.756,NaN,NaN
2023-07-26T19:10:00+08:00,2.76,2.76,2.758,2.758,NaN,NaN
2023-07-26T19:20:00+08:00,2.76,2.76,2.76,2.76,NaN,NaN
2023-07-26T19:25:00+08:00,2.76,2.76,2.758,2.76,NaN,NaN
2023-07-26T19:30:00+08:00,2.76,2.76,2.757,2.757,NaN,NaN
2023-07-26T19:35:00+08:00,2.757,2.757,2.757,2.757,NaN,NaN
2023-07-26T19:45:00+08:00,2.757,2.757,2.755,2.755,NaN,NaN
2023-07-26T19:50:00+08:00,2.755,2.755,2.753,2.754,NaN,NaN
2023-07-26T20:00:00+08:00,2.754,2.754,2.754,2.754,NaN,NaN
2023-07-26T20:05:00+08:00,2.757,2.757,2.757,2.757,NaN,NaN
2023-07-26T20:10:00+08:00,2.757,2.757,2.756,2.756,NaN,NaN
2023-07-26T20:15:00+08:00,2.755,2.755,2.754,2.754,NaN,NaN
2023-07-26T20:20:00+08:00,2.754,2.757,2.754,2.757,NaN,NaN
2023-07-26T20:25:00+08:00,2.756,2.759,2.756,2.757,NaN,NaN
2023-07-26T20:30:00+08:00,2.757,2.757,2.757,2.757,NaN,NaN
2023-07-26T20:35:00+08:00,2.757,2.757,2.757,2.757,NaN,NaN
2023-07-26T20:45:00+08:00,2.757,2.757,2.755,2.756,NaN,NaN
2023-07-26T20:50:00+08:00,2.755,2.755,2.754,2.754,NaN,NaN
2023-07-26T20:55:00+08:00,2.754,2.754,2.749,2.753,NaN,NaN
2023-07-26T21:00:00+08:00,2.753,2.753,2.751,2.751,NaN,NaN
2023-07-26T21:05:00+08:00,2.753,2.756,2.753,2.756,NaN,NaN
2023-07-26T21:10:00+08:00,2.757,2.757,2.757,2.757,NaN,NaN
2023-07-26T21:15:00+08:00,2.757,2.762,2.757,2.762,NaN,NaN
2023-07-26T21:25:00+08:00,2.761,2.761,2.761,2.761,NaN,NaN
2023-07-26T21:30:00+08:00,2.762,2.762,2.756,2.757,NaN,NaN
2023-07-26T21:35:00+08:00,2.758,2.759,2.758,2.759,NaN,NaN
2023-07-26T21:40:00+08:00,2.76,2.766,2.76,2.766,NaN,NaN
2023-07-26T21:50:00+08:00,2.761,2.761,2.756,2.761,NaN,NaN
2023-07-26T21:55:00+08:00,2.762,2.764,2.758,2.758,NaN,NaN
2023-07-26T22:00:00+08:00,2.763,2.769,2.762,2.762,NaN,NaN
2023-07-26T22:05:00+08:00,2.764,2.764,2.764,2.764,NaN,NaN
2023-07-26T22:10:00+08:00,2.763,2.763,2.763,2.763,NaN,NaN
2023-07-26T22:15:00+08:00,2.763,2.764,2.763,2.764,NaN,NaN
2023-07-26T22:20:00+08:00,2.764,2.773,2.764,2.772,NaN,NaN
2023-07-26T22:25:00+08:00,2.773,2.779,2.773,2.779,NaN,NaN
2023-07-26T22:30:00+08:00,2.78,2.792,2.78,2.792,NaN,NaN
2023-07-26T22:35:00+08:00,2.791,2.796,2.791,2.792,NaN,NaN
2023-07-26T22:40:00+08:00,2.796,2.799,2.796,2.799,NaN,NaN
2023-07-26T22:45:00+08:00,2.798,2.824,2.798,2.813,NaN,NaN
2023-07-26T22:50:00+08:00,2.813,2.842,2.809,2.842,NaN,NaN
2023-07-26T22:55:00+08:00,2.842,2.871,2.842,2.858,NaN,NaN
2023-07-26T23:00:00+08:00,2.855,2.901,2.845,2.87,NaN,NaN
2023-07-26T23:05:00+08:00,2.872,2.912,2.871,2.905,NaN,NaN
2023-07-26T23:10:00+08:00,2.911,2.913,2.865,2.869,NaN,NaN
2023-07-26T23:15:00+08:00,2.868,2.886,2.853,2.876,NaN,NaN
2023-07-26T23:20:00+08:00,2.876,2.892,2.868,2.868,NaN,NaN
2023-07-26T23:25:00+08:00,2.871,2.892,2.861,2.878,NaN,NaN
2023-07-26T23:30:00+08:00,2.879,2.893,2.877,2.885,NaN,NaN
2023-07-26T23:35:00+08:00,2.89,2.89,2.86,2.86,NaN,NaN
2023-07-26T23:40:00+08:00,2.86,2.86,2.823,2.842,NaN,NaN
2023-07-26T23:45:00+08:00,2.838,2.846,2.834,2.844,NaN,NaN
2023-07-26T23:50:00+08:00,2.841,2.845,2.83,2.836,NaN,NaN
2023-07-26T23:55:00+08:00,2.831,2.832,2.825,2.827,NaN,NaN
2023-07-27T00:00:00+08:00,2.827,2.829,2.824,2.825,NaN,NaN
2023-07-27T00:05:00+08:00,2.823,2.827,2.82,2.82,NaN,NaN
2023-07-27T00:10:00+08:00,2.819,2.819,2.814,2.814,NaN,NaN
2023-07-27T00:15:00+08:00,2.814,2.815,2.814,2.814,NaN,NaN
2023-07-27T00:20:00+08:00,2.815,2.817,2.81,2.811,NaN,NaN
2023-07-27T00:25:00+08:00,2.812,2.813,2.808,2.808,NaN,NaN
2023-07-27T00:30:00+08:00,2.81,2.824,2.81,2.824,NaN,NaN
2023-07-27T00:35:00+08:00,2.823,2.824,2.815,2.815,NaN,NaN
2023-07-27T00:40:00+08:00,2.822,2.825,2.821,2.822,NaN,NaN
2023-07-27T00:45:00+08:00,2.824,2.824,2.821,2.821,NaN,NaN
2023-07-27T00:50:00+08:00,2.821,2.824,2.821,2.824,NaN,NaN
2023-07-27T00:55:00+08:00,2.822,2.83,2.822,2.83,NaN,NaN
2023-07-27T01:00:00+08:00,2.83,2.831,2.828,2.828,NaN,NaN
2023-07-27T01:05:00+08:00,2.828,2.871,2.828,2.864,NaN,NaN
2023-07-27T01:10:00+08:00,2.86,2.87,2.856,2.857,NaN,NaN
2023-07-27T01:15:00+08:00,2.858,2.866,2.857,2.86,NaN,NaN
2023-07-27T01:20:00+08:00,2.86,2.86,2.827,2.83,NaN,NaN
2023-07-27T01:25:00+08:00,2.83,2.832,2.83,2.831,NaN,NaN
2023-07-27T01:30:00+08:00,2.83,2.831,2.815,2.815,NaN,NaN
2023-07-27T01:35:00+08:00,2.815,2.815,2.814,2.814,NaN,NaN
2023-07-27T01:40:00+08:00,2.815,2.815,2.813,2.813,NaN,NaN
2023-07-27T01:45:00+08:00,2.811,2.814,2.811,2.811,NaN,NaN
2023-07-27T01:50:00+08:00,2.811,2.811,2.81,2.81,NaN,NaN
2023-07-27T01:55:00+08:00,2.811,2.812,2.802,2.802,NaN,NaN
2023-07-27T02:00:00+08:00,2.808,2.815,2.808,2.814,NaN,NaN
2023-07-27T02:05:00+08:00,2.819,2.826,2.818,2.819,NaN,NaN
2023-07-27T02:10:00+08:00,2.819,2.83,2.819,2.83,NaN,NaN
2023-07-27T02:15:00+08:00,2.825,2.825,2.813,2.813,NaN,NaN
2023-07-27T02:20:00+08:00,2.812,2.816,2.812,2.816,NaN,NaN
2023-07-27T02:25:00+08:00,2.813,2.813,2.812,2.812,NaN,NaN
2023-07-27T02:30:00+08:00,2.813,2.813,2.813,2.813,NaN,NaN
2023-07-27T02:35:00+08:00,2.813,2.822,2.813,2.822,NaN,NaN
2023-07-27T02:40:00+08:00,2.826,2.831,2.826,2.827,NaN,NaN
2023-07-27T02:45:00+08:00,2.831,2.831,2.825,2.83,NaN,NaN
2023-07-27T02:50:00+08:00,2.83,2.83,2.83,2.83,NaN,NaN
2023-07-27T02:55:00+08:00,2.83,2.83,2.824,2.824,NaN,NaN
2023-07-27T03:00:00+08:00,2.821,2.825,2.82,2.82,NaN,NaN
2023-07-27T03:05:00+08:00,2.823,2.823,2.815,2.815,NaN,NaN
2023-07-27T03:10:00+08:00,2.813,2.813,2.81,2.81,NaN,NaN
2023-07-27T03:15:00+08:00,2.81,2.812,2.802,2.807,NaN,NaN
2023-07-27T03:20:00+08:00,2.807,2.809,2.804,2.809,NaN,NaN
2023-07-27T03:25:00+08:00,2.815,2.821,2.807,2.82,NaN,NaN
2023-07-27T03:30:00+08:00,2.82,2.826,2.815,2.819,NaN,NaN
2023-07-27T03:35:00+08:00,2.821,2.821,2.82,2.82,NaN,NaN
2023-07-27T03:40:00+08:00,2.824,2.825,2.823,2.825,NaN,NaN
2023-07-27T03:45:00+08:00,2.826,2.827,2.826,2.827,NaN,NaN
2023-07-27T03:50:00+08:00,2.825,2.825,2.825,2.825,NaN,NaN
2023-07-27T03:55:00+08:00,2.828,2.828,2.827,2.827,NaN,NaN
2023-07-27T04:05:00+08:00,2.83,2.831,2.827,2.829,NaN,NaN
2023-07-27T04:10:00+08:00,2.827,2.83,2.827,2.828,NaN,NaN
2023-07-27T04:15:00+08:00,2.828,2.831,2.825,2.831,NaN,NaN
2023-07-27T04:20:00+08:00,2.837,2.837,2.833,2.833,NaN,NaN
2023-07-27T04:25:00+08:00,2.828,2.841,2.828,2.836,NaN,NaN
2023-07-27T04:30:00+08:00,2.84,2.845,2.84,2.845,NaN,NaN
2023-07-27T04:35:00+08:00,2.845,2.848,2.845,2.846,NaN,NaN
2023-07-27T04:40:00+08:00,2.848,2.848,2.846,2.848,NaN,NaN
2023-07-27T04:45:00+08:00,2.847,2.847,2.839,2.84,NaN,NaN
2023-07-27T04:50:00+08:00,2.84,2.847,2.84,2.847,NaN,NaN
2023-07-27T04:55:00+08:00,2.844,2.846,2.841,2.843,NaN,NaN
2023-07-27T05:00:00+08:00,2.847,2.848,2.847,2.848,NaN,NaN
2023-07-27T05:05:00+08:00,2.848,2.848,2.845,2.847,NaN,NaN
2023-07-27T05:10:00+08:00,2.846,2.848,2.846,2.848,NaN,NaN
2023-07-27T05:15:00+08:00,2.847,2.847,2.84,2.846,NaN,NaN
2023-07-27T05:20:00+08:00,2.842,2.842,2.841,2.841,NaN,NaN
2023-07-27T05:25:00+08:00,2.838,2.838,2.833,2.833,NaN,NaN
2023-07-27T05:30:00+08:00,2.83,2.83,2.829,2.83,NaN,NaN
2023-07-27T05:35:00+08:00,2.83,2.83,2.83,2.83,NaN,NaN
2023-07-27T05:40:00+08:00,2.83,2.83,2.827,2.827,NaN,NaN
2023-07-27T05:45:00+08:00,2.826,2.826,2.825,2.825,NaN,NaN
2023-07-27T05:50:00+08:00,2.826,2.827,2.82,2.82,NaN,NaN
2023-07-27T05:55:00+08:00,2.82,2.82,2.814,2.814,NaN,NaN
2023-07-27T06:00:00+08:00,2.817,2.818,2.789,2.794,NaN,NaN
2023-07-27T06:05:00+08:00,2.795,2.806,2.795,2.806,NaN,NaN
2023-07-27T06:10:00+08:00,2.806,2.807,2.802,2.803,NaN,NaN
2023-07-27T06:15:00+08:00,2.807,2.814,2.807,2.814,NaN,NaN
2023-07-27T06:20:00+08:00,2.815,2.832,2.812,2.826,NaN,NaN
2023-07-27T06:25:00+08:00,2.83,2.833,2.818,2.822,NaN,NaN
2023-07-27T06:30:00+08:00,2.825,2.829,2.825,2.827,NaN,NaN
2023-07-27T06:35:00+08:00,2.828,2.835,2.828,2.829,NaN,NaN
2023-07-27T06:40:00+08:00,2.83,2.83,2.829,2.829,NaN,NaN
2023-07-27T06:45:00+08:00,2.823,2.823,2.822,2.822,NaN,NaN
2023-07-27T06:50:00+08:00,2.822,2.822,2.822,2.822,NaN,NaN
2023-07-27T06:55:00+08:00,2.822,2.822,2.822,2.822,NaN,NaN
2023-07-27T07:00:00+08:00,2.831,2.833,2.829,2.829,NaN,NaN
2023-07-27T07:05:00+08:00,2.833,2.833,2.827,2.827,NaN,NaN
2023-07-27T07:10:00+08:00,2.833,2.837,2.833,2.836,NaN,NaN
2023-07-27T07:15:00+08:00,2.834,2.834,2.834,2.834,NaN,NaN
2023-07-27T07:20:00+08:00,2.833,2.834,2.804,2.82,NaN,NaN
2023-07-27T07:25:00+08:00,2.818,2.821,2.816,2.818,NaN,NaN
2023-07-27T07:30:00+08:00,2.817,2.821,2.81,2.816,NaN,NaN
2023-07-27T07:35:00+08:00,2.815,2.815,2.814,2.814,NaN,NaN
2023-07-27T07:40:00+08:00,2.812,2.812,2.811,2.811,NaN,NaN
2023-07-27T07:45:00+08:00,2.81,2.814,2.808,2.808,NaN,NaN
2023-07-27T07:50:00+08:00,2.808,2.808,2.808,2.808,NaN,NaN
2023-07-27T07:55:00+08:00,2.808,2.813,2.807,2.808,NaN,NaN
2023-07-27T08:00:00+08:00,2.809,2.81,2.809,2.809,NaN,NaN
2023-07-27T08:05:00+08:00,2.809,2.809,2.803,2.803,NaN,NaN
2023-07-27T08:10:00+08:00,2.8,2.8,2.8,2.8,NaN,NaN
2023-07-27T08:15:00+08:00,2.801,2.807,2.797,2.797,NaN,NaN
2023-07-27T08:20:00+08:00,2.797,2.797,2.796,2.797,NaN,NaN
2023-07-27T08:25:00+08:00,2.797,2.797,2.797,2.797,NaN,NaN
2023-07-27T08:30:00+08:00,2.796,2.799,2.796,2.799,NaN,NaN
2023-07-27T08:35:00+08:00,2.796,2.8,2.796,2.8,NaN,NaN
2023-07-27T08:40:00+08:00,2.801,2.801,2.797,2.797,NaN,NaN
2023-07-27T08:45:00+08:00,2.799,2.8,2.798,2.799,NaN,NaN
2023-07-27T08:50:00+08:00,2.801,2.807,2.801,2.805,NaN,NaN
2023-07-27T08:55:00+08:00,2.805,2.809,2.805,2.809,NaN,NaN
2023-07-27T09:00:00+08:00,2.809,2.811,2.807,2.81,NaN,NaN
2023-07-27T09:05:00+08:00,2.809,2.821,2.809,2.821,NaN,NaN
2023-07-27T09:10:00+08:00,2.821,2.821,2.816,2.816,NaN,NaN
2023-07-27T09:15:00+08:00,2.816,2.825,2.816,2.825,NaN,NaN
2023-07-27T09:20:00+08:00,2.824,2.825,2.824,2.825,NaN,NaN
2023-07-27T09:25:00+08:00,2.826,2.826,2.826,2.826,NaN,NaN
2023-07-27T09:30:00+08:00,2.827,2.827,2.827,2.827,NaN,NaN
2023-07-27T09:35:00+08:00,2.828,2.828,2.828,2.828,NaN,NaN
2023-07-27T09:40:00+08:00,2.828,2.828,2.828,2.828,NaN,NaN
2023-07-27T09:50:00+08:00,2.83,2.831,2.83,2.831,NaN,NaN
2023-07-27T09:55:00+08:00,2.831,2.838,2.831,2.838,NaN,NaN
2023-07-27T10:00:00+08:00,2.839,2.842,2.839,2.841,NaN,NaN
2023-07-27T10:05:00+08:00,2.841,2.842,2.84,2.842,NaN,NaN
2023-07-27T10:10:00+08:00,2.843,2.848,2.843,2.848,NaN,NaN
2023-07-27T10:15:00+08:00,2.846,2.846,2.844,2.845,NaN,NaN
2023-07-27T10:20:00+08:00,2.846,2.849,2.846,2.848,NaN,NaN
2023-07-27T10:25:00+08:00,2.848,2.854,2.848,2.854,NaN,NaN
2023-07-27T10:30:00+08:00,2.851,2.851,2.845,2.845,NaN,NaN
2023-07-27T10:35:00+08:00,2.847,2.849,2.847,2.848,NaN,NaN
2023-07-27T10:45:00+08:00,2.851,2.856,2.851,2.855,NaN,NaN
2023-07-27T10:50:00+08:00,2.86,2.865,2.86,2.861,NaN,NaN
2023-07-27T10:55:00+08:00,2.864,2.887,2.864,2.881,NaN,NaN
2023-07-27T11:00:00+08:00,2.881,2.881,2.875,2.875,NaN,NaN
2023-07-27T11:05:00+08:00,2.877,2.886,2.877,2.883,NaN,NaN
2023-07-27T11:10:00+08:00,2.885,2.892,2.885,2.887,NaN,NaN
2023-07-27T11:15:00+08:00,2.888,2.919,2.888,2.899,NaN,NaN
2023-07-27T11:20:00+08:00,2.899,2.899,2.893,2.894,NaN,NaN
2023-07-27T11:25:00+08:00,2.895,2.929,2.895,2.929,NaN,NaN
2023-07-27T11:30:00+08:00,2.929,2.929,2.903,2.918,NaN,NaN
2023-07-27T11:35:00+08:00,2.918,2.929,2.918,2.925,NaN,NaN
2023-07-27T11:40:00+08:00,2.925,2.934,2.915,2.924,NaN,NaN
2023-07-27T11:45:00+08:00,2.925,2.958,2.925,2.95,NaN,NaN
2023-07-27T11:50:00+08:00,2.952,2.969,2.95,2.953,NaN,NaN
2023-07-27T11:55:00+08:00,2.955,2.976,2.948,2.976,NaN,NaN
2023-07-27T12:00:00+08:00,2.978,3.052,2.978,3.05,NaN,NaN
2023-07-27T12:05:00+08:00,3.041,3.063,3.005,3.014,NaN,NaN
2023-07-27T12:10:00+08:00,3.02,3.064,2.98,3.055,NaN,NaN
2023-07-27T12:15:00+08:00,3.055,3.056,3.015,3.017,NaN,NaN
2023-07-27T12:20:00+08:00,3.02,3.024,2.993,2.993,NaN,NaN
2023-07-27T12:25:00+08:00,2.993,3.049,2.991,3.033,NaN,NaN
2023-07-27T12:30:00+08:00,3.03,3.039,3.008,3.028,NaN,NaN
2023-07-27T12:35:00+08:00,3.029,3.047,3.02,3.039,NaN,NaN
2023-07-27T12:40:00+08:00,3.035,3.082,3.028,3.079,NaN,NaN
2023-07-27T12:45:00+08:00,3.079,3.097,3.042,3.086,NaN,NaN
2023-07-27T12:50:00+08:00,3.089,3.092,3.03,3.056,NaN,NaN
2023-07-27T12:55:00+08:00,3.06,3.084,3.048,3.064,NaN,NaN
2023-07-27T13:00:00+08:00,3.066,3.085,3.029,3.052,NaN,NaN
2023-07-27T13:05:00+08:00,3.052,3.064,3.023,3.026,NaN,NaN
2023-07-27T13:10:00+08:00,3.026,3.032,3,3.03,NaN,NaN
2023-07-27T13:15:00+08:00,3.029,3.039,3.029,3.031,NaN,NaN