time,open,high,low,close,Volume,Volume MA
2022-07-23T08:00:00+08:00,7.3,7.49,7.08,7.33,NaN,NaN
2022-07-24T08:00:00+08:00,7.32,7.58,7.31,7.4,NaN,NaN
2022-07-25T08:00:00+08:00,7.4,7.44,6.74,6.76,NaN,NaN
2022-07-26T08:00:00+08:00,6.76,6.79,6.52,6.78,NaN,NaN
2022-07-27T08:00:00+08:00,6.78,7.71,6.65,7.68,NaN,NaN
2022-07-28T08:00:00+08:00,7.69,8.07,7.46,7.86,NaN,NaN
2022-07-29T08:00:00+08:00,7.86,8.43,7.76,8.19,NaN,NaN
2022-07-30T08:00:00+08:00,8.18,8.85,8.15,8.21,NaN,NaN
2022-07-31T08:00:00+08:00,8.22,9.21,8.08,8.62,NaN,NaN
2022-08-01T08:00:00+08:00,8.63,8.99,8.03,8.17,NaN,NaN
2022-08-02T08:00:00+08:00,8.18,8.28,7.68,7.93,NaN,NaN
2022-08-03T08:00:00+08:00,7.93,8.45,7.68,8,NaN,NaN
2022-08-04T08:00:00+08:00,8,8.28,7.88,8.1,NaN,NaN
2022-08-05T08:00:00+08:00,8.1,8.84,8.07,8.8,NaN,NaN
2022-08-06T08:00:00+08:00,8.81,8.88,8.48,8.52,NaN,NaN
2022-08-07T08:00:00+08:00,8.52,8.93,8.34,8.65,NaN,NaN
2022-08-08T08:00:00+08:00,8.65,9.39,8.63,9.27,NaN,NaN
2022-08-09T08:00:00+08:00,9.27,9.47,8.64,8.89,NaN,NaN
2022-08-10T08:00:00+08:00,8.89,9.65,8.54,9.52,NaN,NaN
2022-08-11T08:00:00+08:00,9.53,9.65,9.13,9.2,NaN,NaN
2022-08-12T08:00:00+08:00,9.19,9.5,9.03,9.48,NaN,NaN
2022-08-13T08:00:00+08:00,9.48,9.68,9.25,9.31,NaN,NaN
2022-08-14T08:00:00+08:00,9.31,9.56,8.83,8.96,NaN,NaN
2022-08-15T08:00:00+08:00,8.95,9.39,8.62,8.78,NaN,NaN
2022-08-16T08:00:00+08:00,8.78,8.95,8.63,8.84,NaN,NaN
2022-08-17T08:00:00+08:00,8.84,9.17,8.32,8.37,NaN,NaN
2022-08-18T08:00:00+08:00,8.37,8.6,8,8.08,NaN,NaN
2022-08-19T08:00:00+08:00,8.08,8.1,7.22,7.31,NaN,NaN
2022-08-20T08:00:00+08:00,7.3,7.52,7.03,7.22,NaN,NaN
2022-08-21T08:00:00+08:00,7.23,7.53,7.16,7.44,NaN,NaN
2022-08-22T08:00:00+08:00,7.43,7.45,7,7.41,NaN,NaN
2022-08-23T08:00:00+08:00,7.4,7.72,7.18,7.64,NaN,NaN
2022-08-24T08:00:00+08:00,7.64,7.78,7.41,7.56,NaN,NaN
2022-08-25T08:00:00+08:00,7.56,7.76,7.46,7.58,NaN,NaN
2022-08-26T08:00:00+08:00,7.58,7.68,6.86,6.93,NaN,NaN
2022-08-27T08:00:00+08:00,6.93,7.12,6.8,7.04,NaN,NaN
2022-08-28T08:00:00+08:00,7.05,7.15,6.81,6.86,NaN,NaN
2022-08-29T08:00:00+08:00,6.86,7.31,6.79,7.27,NaN,NaN
2022-08-30T08:00:00+08:00,7.27,7.38,6.88,7,NaN,NaN
2022-08-31T08:00:00+08:00,7.01,7.29,6.98,7.03,NaN,NaN
2022-09-01T08:00:00+08:00,7.03,7.2,6.86,7.18,NaN,NaN
2022-09-02T08:00:00+08:00,7.19,7.57,7.12,7.3,NaN,NaN
2022-09-03T08:00:00+08:00,7.3,7.31,7.17,7.28,NaN,NaN
2022-09-04T08:00:00+08:00,7.29,7.42,7.15,7.37,NaN,NaN
2022-09-05T08:00:00+08:00,7.38,7.64,7.26,7.36,NaN,NaN
2022-09-06T08:00:00+08:00,7.37,7.7,6.81,6.87,NaN,NaN
2022-09-07T08:00:00+08:00,6.88,7.3,6.75,7.2,NaN,NaN
2022-09-08T08:00:00+08:00,7.2,7.45,7.03,7.39,NaN,NaN
2022-09-09T08:00:00+08:00,7.39,7.94,7.36,7.75,NaN,NaN
2022-09-10T08:00:00+08:00,7.76,7.88,7.57,7.77,NaN,NaN
2022-09-11T08:00:00+08:00,7.77,7.9,7.54,7.7,NaN,NaN
2022-09-12T08:00:00+08:00,7.71,8.05,7.56,7.66,NaN,NaN
2022-09-13T08:00:00+08:00,7.67,7.96,7.03,7.06,NaN,NaN
2022-09-14T08:00:00+08:00,7.06,7.31,7.01,7.21,NaN,NaN
2022-09-15T08:00:00+08:00,7.2,7.24,6.87,6.93,NaN,NaN
2022-09-16T08:00:00+08:00,6.94,6.98,6.7,6.9,NaN,NaN
2022-09-17T08:00:00+08:00,6.91,7.16,6.9,7.06,NaN,NaN
2022-09-18T08:00:00+08:00,7.05,7.06,6.32,6.44,NaN,NaN
2022-09-19T08:00:00+08:00,6.45,6.56,6.1,6.39,NaN,NaN
2022-09-20T08:00:00+08:00,6.39,6.42,6.17,6.28,NaN,NaN
2022-09-21T08:00:00+08:00,6.28,6.58,5.97,6.12,NaN,NaN
2022-09-22T08:00:00+08:00,6.12,6.53,6.08,6.45,NaN,NaN
2022-09-23T08:00:00+08:00,6.45,6.64,6.19,6.44,NaN,NaN
2022-09-24T08:00:00+08:00,6.44,6.51,6.23,6.27,NaN,NaN
2022-09-25T08:00:00+08:00,6.27,6.38,6.08,6.2,NaN,NaN
2022-09-26T08:00:00+08:00,6.2,6.58,6.15,6.56,NaN,NaN
2022-09-27T08:00:00+08:00,6.55,6.8,6.24,6.37,NaN,NaN
2022-09-28T08:00:00+08:00,6.37,6.47,6.17,6.38,NaN,NaN
2022-09-29T08:00:00+08:00,6.39,6.49,6.26,6.43,NaN,NaN
2022-09-30T08:00:00+08:00,6.44,6.58,6.21,6.32,NaN,NaN
2022-10-01T08:00:00+08:00,6.33,6.34,6.21,6.27,NaN,NaN
2022-10-02T08:00:00+08:00,6.26,6.33,6.13,6.15,NaN,NaN
2022-10-03T08:00:00+08:00,6.16,6.41,6.09,6.37,NaN,NaN
2022-10-04T08:00:00+08:00,6.37,6.54,6.34,6.5,NaN,NaN
2022-10-05T08:00:00+08:00,6.5,6.51,6.27,6.44,NaN,NaN
2022-10-06T08:00:00+08:00,6.44,6.52,6.31,6.34,NaN,NaN
2022-10-07T08:00:00+08:00,6.34,6.4,6.25,6.33,NaN,NaN
2022-10-08T08:00:00+08:00,6.33,6.4,6.26,6.31,NaN,NaN
2022-10-09T08:00:00+08:00,6.31,6.5,6.28,6.48,NaN,NaN
2022-10-10T08:00:00+08:00,6.48,6.54,6.24,6.25,NaN,NaN
2022-10-11T08:00:00+08:00,6.25,6.26,6.13,6.17,NaN,NaN
2022-10-12T08:00:00+08:00,6.18,6.25,6.13,6.18,NaN,NaN
2022-10-13T08:00:00+08:00,6.18,6.18,5.68,6.11,NaN,NaN
2022-10-14T08:00:00+08:00,6.11,6.27,6.01,6.05,NaN,NaN
2022-10-15T08:00:00+08:00,6.05,6.1,6.02,6.05,NaN,NaN
2022-10-16T08:00:00+08:00,6.05,6.25,6.04,6.18,NaN,NaN
2022-10-17T08:00:00+08:00,6.19,6.29,6.12,6.26,NaN,NaN
2022-10-18T08:00:00+08:00,6.26,6.3,6.07,6.16,NaN,NaN
2022-10-19T08:00:00+08:00,6.16,6.26,6.06,6.1,NaN,NaN
2022-10-20T08:00:00+08:00,6.11,6.16,5.82,5.89,NaN,NaN
2022-10-21T08:00:00+08:00,5.88,5.9,5.73,5.84,NaN,NaN
2022-10-22T08:00:00+08:00,5.83,5.87,5.77,5.85,NaN,NaN
2022-10-23T08:00:00+08:00,5.85,5.98,5.75,5.97,NaN,NaN
2022-10-24T08:00:00+08:00,5.96,5.99,5.8,5.92,NaN,NaN
2022-10-25T08:00:00+08:00,5.91,6.63,5.89,6.43,NaN,NaN
2022-10-26T08:00:00+08:00,6.44,6.61,6.41,6.47,NaN,NaN
2022-10-27T08:00:00+08:00,6.47,6.65,6.28,6.34,NaN,NaN
2022-10-28T08:00:00+08:00,6.33,6.59,6.26,6.52,NaN,NaN
2022-10-29T08:00:00+08:00,6.51,6.78,6.49,6.63,NaN,NaN
2022-10-30T08:00:00+08:00,6.63,6.75,6.51,6.66,NaN,NaN
2022-10-31T08:00:00+08:00,6.65,6.84,6.57,6.62,NaN,NaN
2022-11-01T08:00:00+08:00,6.62,6.72,6.45,6.46,NaN,NaN
2022-11-02T08:00:00+08:00,6.45,6.53,6.16,6.25,NaN,NaN
2022-11-03T08:00:00+08:00,6.26,6.53,6.23,6.41,NaN,NaN
2022-11-04T08:00:00+08:00,6.42,7.1,6.38,7.05,NaN,NaN
2022-11-05T08:00:00+08:00,7.06,7.25,6.94,7.03,NaN,NaN
2022-11-06T08:00:00+08:00,7.03,7.15,6.79,6.81,NaN,NaN
2022-11-07T08:00:00+08:00,6.81,7.42,6.65,7.12,NaN,NaN
2022-11-08T08:00:00+08:00,7.12,7.2,5.86,6.3,NaN,NaN
2022-11-09T08:00:00+08:00,6.3,6.38,5.34,5.41,NaN,NaN
2022-11-10T08:00:00+08:00,5.42,6.18,5.32,5.97,NaN,NaN
2022-11-11T08:00:00+08:00,5.97,6.05,5.5,5.75,NaN,NaN
2022-11-12T08:00:00+08:00,5.75,5.88,5.56,5.77,NaN,NaN
2022-11-13T08:00:00+08:00,5.78,5.97,5.62,5.75,NaN,NaN
2022-11-14T08:00:00+08:00,5.75,5.9,5.44,5.86,NaN,NaN
2022-11-15T08:00:00+08:00,5.87,6.05,5.8,5.92,NaN,NaN
2022-11-16T08:00:00+08:00,5.92,6,5.61,5.71,NaN,NaN
2022-11-17T08:00:00+08:00,5.7,5.73,5.56,5.67,NaN,NaN
2022-11-18T08:00:00+08:00,5.68,5.78,5.6,5.65,NaN,NaN
2022-11-19T08:00:00+08:00,5.65,5.66,5.53,5.61,NaN,NaN
2022-11-20T08:00:00+08:00,5.61,5.66,5.25,5.3,NaN,NaN
2022-11-21T08:00:00+08:00,5.3,5.3,5.07,5.18,NaN,NaN
2022-11-22T08:00:00+08:00,5.19,5.32,5,5.28,NaN,NaN
2022-11-23T08:00:00+08:00,5.28,5.49,5.25,5.44,NaN,NaN
2022-11-24T08:00:00+08:00,5.43,5.53,5.33,5.39,NaN,NaN
2022-11-25T08:00:00+08:00,5.38,5.39,5.25,5.26,NaN,NaN
2022-11-26T08:00:00+08:00,5.27,5.46,5.24,5.3,NaN,NaN
2022-11-27T08:00:00+08:00,5.3,5.44,5.26,5.3,NaN,NaN
2022-11-28T08:00:00+08:00,5.31,5.32,5.06,5.13,NaN,NaN
2022-11-29T08:00:00+08:00,5.13,5.35,5.09,5.3,NaN,NaN
2022-11-30T08:00:00+08:00,5.3,5.51,5.3,5.46,NaN,NaN
2022-12-01T08:00:00+08:00,5.46,5.48,5.32,5.41,NaN,NaN
2022-12-02T08:00:00+08:00,5.4,5.69,5.37,5.62,NaN,NaN
2022-12-03T08:00:00+08:00,5.62,5.71,5.48,5.49,NaN,NaN
2022-12-04T08:00:00+08:00,5.5,5.61,5.49,5.59,NaN,NaN
2022-12-05T08:00:00+08:00,5.6,5.73,5.44,5.48,NaN,NaN
2022-12-06T08:00:00+08:00,5.48,5.52,5.42,5.5,NaN,NaN
2022-12-07T08:00:00+08:00,5.49,5.53,5.24,5.29,NaN,NaN
2022-12-08T08:00:00+08:00,5.29,5.47,5.25,5.42,NaN,NaN
2022-12-09T08:00:00+08:00,5.42,5.44,5.26,5.3,NaN,NaN
2022-12-10T08:00:00+08:00,5.29,5.33,5.26,5.27,NaN,NaN
2022-12-11T08:00:00+08:00,5.28,5.33,5.13,5.17,NaN,NaN
2022-12-12T08:00:00+08:00,5.16,5.21,5,5.17,NaN,NaN
2022-12-13T08:00:00+08:00,5.17,5.35,4.99,5.28,NaN,NaN
2022-12-14T08:00:00+08:00,5.29,5.358,5.154,5.215,NaN,NaN
2022-12-15T08:00:00+08:00,5.214,5.254,5.116,5.23,NaN,NaN
2022-12-16T08:00:00+08:00,5.23,5.25,4.52,4.652,NaN,NaN
2022-12-17T08:00:00+08:00,4.653,4.724,4.583,4.708,NaN,NaN
2022-12-18T08:00:00+08:00,4.709,4.716,4.617,4.657,NaN,NaN
2022-12-19T08:00:00+08:00,4.657,4.705,4.41,4.481,NaN,NaN
2022-12-20T08:00:00+08:00,4.479,4.653,4.461,4.605,NaN,NaN
2022-12-21T08:00:00+08:00,4.606,4.616,4.442,4.485,NaN,NaN
2022-12-22T08:00:00+08:00,4.486,4.537,4.37,4.531,NaN,NaN
2022-12-23T08:00:00+08:00,4.532,4.546,4.454,4.473,NaN,NaN
2022-12-24T08:00:00+08:00,4.473,4.492,4.43,4.452,NaN,NaN
2022-12-25T08:00:00+08:00,4.451,4.498,4.396,4.492,NaN,NaN
2022-12-26T08:00:00+08:00,4.492,4.578,4.465,4.571,NaN,NaN
2022-12-27T08:00:00+08:00,4.571,4.585,4.455,4.478,NaN,NaN
2022-12-28T08:00:00+08:00,4.479,4.484,4.24,4.286,NaN,NaN
2022-12-29T08:00:00+08:00,4.286,4.355,4.224,4.309,NaN,NaN
2022-12-30T08:00:00+08:00,4.308,4.341,4.226,4.324,NaN,NaN
2022-12-31T08:00:00+08:00,4.324,4.394,4.298,4.309,NaN,NaN
2023-01-01T08:00:00+08:00,4.308,4.387,4.275,4.371,NaN,NaN
2023-01-02T08:00:00+08:00,4.371,4.56,4.316,4.492,NaN,NaN
2023-01-03T08:00:00+08:00,4.492,4.545,4.462,4.526,NaN,NaN
2023-01-04T08:00:00+08:00,4.526,4.689,4.526,4.632,NaN,NaN
2023-01-05T08:00:00+08:00,4.631,4.649,4.545,4.62,NaN,NaN
2023-01-06T08:00:00+08:00,4.621,4.706,4.552,4.684,NaN,NaN
2023-01-07T08:00:00+08:00,4.684,4.705,4.636,4.664,NaN,NaN
2023-01-08T08:00:00+08:00,4.665,4.828,4.602,4.826,NaN,NaN
2023-01-09T08:00:00+08:00,4.826,5.083,4.8,4.887,NaN,NaN
2023-01-10T08:00:00+08:00,4.886,4.97,4.823,4.92,NaN,NaN
2023-01-11T08:00:00+08:00,4.92,5.139,4.828,5.135,NaN,NaN
2023-01-12T08:00:00+08:00,5.134,5.263,5.015,5.232,NaN,NaN
2023-01-13T08:00:00+08:00,5.233,5.424,5.163,5.401,NaN,NaN
2023-01-14T08:00:00+08:00,5.401,6.523,5.396,6.026,NaN,NaN
2023-01-15T08:00:00+08:00,6.026,6.066,5.771,5.929,NaN,NaN
2023-01-16T08:00:00+08:00,5.928,6.087,5.61,5.812,NaN,NaN
2023-01-17T08:00:00+08:00,5.812,6.21,5.691,5.956,NaN,NaN
2023-01-18T08:00:00+08:00,5.957,6.221,5.564,5.653,NaN,NaN
2023-01-19T08:00:00+08:00,5.648,5.848,5.643,5.802,NaN,NaN
2023-01-20T08:00:00+08:00,5.802,6.295,5.752,6.247,NaN,NaN
2023-01-21T08:00:00+08:00,6.249,6.464,6.007,6.237,NaN,NaN
2023-01-22T08:00:00+08:00,6.237,6.457,6.085,6.207,NaN,NaN
2023-01-23T08:00:00+08:00,6.207,6.84,6.198,6.56,NaN,NaN
2023-01-24T08:00:00+08:00,6.56,6.708,6.117,6.191,NaN,NaN
2023-01-25T08:00:00+08:00,6.191,6.563,6.01,6.399,NaN,NaN
2023-01-26T08:00:00+08:00,6.4,6.563,6.301,6.472,NaN,NaN
2023-01-27T08:00:00+08:00,6.472,6.623,6.27,6.585,NaN,NaN
2023-01-28T08:00:00+08:00,6.585,6.664,6.321,6.397,NaN,NaN
2023-01-29T08:00:00+08:00,6.396,6.7,6.327,6.611,NaN,NaN
2023-01-30T08:00:00+08:00,6.612,6.65,6.02,6.19,NaN,NaN
2023-01-31T08:00:00+08:00,6.19,6.33,6.142,6.26,NaN,NaN
2023-02-01T08:00:00+08:00,6.26,6.491,6.027,6.467,NaN,NaN
2023-02-02T08:00:00+08:00,6.467,6.917,6.451,6.543,NaN,NaN
2023-02-03T08:00:00+08:00,6.543,7.126,6.504,7.008,NaN,NaN
2023-02-04T08:00:00+08:00,7.008,7.075,6.818,6.873,NaN,NaN
2023-02-05T08:00:00+08:00,6.872,6.895,6.513,6.637,NaN,NaN
2023-02-06T08:00:00+08:00,6.638,6.789,6.401,6.494,NaN,NaN
2023-02-07T08:00:00+08:00,6.494,6.949,6.473,6.941,NaN,NaN
2023-02-08T08:00:00+08:00,6.94,7.02,6.615,6.757,NaN,NaN
2023-02-09T08:00:00+08:00,6.757,6.976,6.088,6.235,NaN,NaN
2023-02-10T08:00:00+08:00,6.235,6.308,6.12,6.186,NaN,NaN
2023-02-11T08:00:00+08:00,6.184,6.293,6.158,6.278,NaN,NaN
2023-02-12T08:00:00+08:00,6.278,6.387,6.074,6.181,NaN,NaN
2023-02-13T08:00:00+08:00,6.18,6.259,5.878,6.143,NaN,NaN
2023-02-14T08:00:00+08:00,6.141,6.264,5.95,6.227,NaN,NaN
2023-02-15T08:00:00+08:00,6.228,6.618,6.16,6.612,NaN,NaN
2023-02-16T08:00:00+08:00,6.612,6.949,6.318,6.327,NaN,NaN
2023-02-17T08:00:00+08:00,6.327,7.418,6.291,7.284,NaN,NaN
2023-02-18T08:00:00+08:00,7.284,7.375,7.105,7.229,NaN,NaN
2023-02-19T08:00:00+08:00,7.23,7.9,7.185,7.438,NaN,NaN
2023-02-20T08:00:00+08:00,7.44,7.568,7.25,7.551,NaN,NaN
2023-02-21T08:00:00+08:00,7.551,7.575,7.117,7.251,NaN,NaN
2023-02-22T08:00:00+08:00,7.251,7.27,6.88,7.186,NaN,NaN
2023-02-23T08:00:00+08:00,7.186,7.384,7.015,7.093,NaN,NaN
2023-02-24T08:00:00+08:00,7.095,7.146,6.47,6.614,NaN,NaN
2023-02-25T08:00:00+08:00,6.614,6.649,6.342,6.544,NaN,NaN
2023-02-26T08:00:00+08:00,6.544,6.73,6.503,6.691,NaN,NaN
2023-02-27T08:00:00+08:00,6.692,6.785,6.489,6.579,NaN,NaN
2023-02-28T08:00:00+08:00,6.58,6.6,6.276,6.347,NaN,NaN
2023-03-01T08:00:00+08:00,6.349,6.598,6.306,6.535,NaN,NaN
2023-03-02T08:00:00+08:00,6.534,6.56,6.221,6.335,NaN,NaN
2023-03-03T08:00:00+08:00,6.335,6.338,5.792,6.037,NaN,NaN
2023-03-04T08:00:00+08:00,6.038,6.058,5.73,5.917,NaN,NaN
2023-03-05T08:00:00+08:00,5.917,6.066,5.89,5.978,NaN,NaN
2023-03-06T08:00:00+08:00,5.977,6.043,5.856,5.92,NaN,NaN
2023-03-07T08:00:00+08:00,5.922,6.019,5.74,5.847,NaN,NaN
2023-03-08T08:00:00+08:00,5.846,5.943,5.501,5.601,NaN,NaN
2023-03-09T08:00:00+08:00,5.6,5.803,5.25,5.385,NaN,NaN
2023-03-10T08:00:00+08:00,5.386,5.582,5.15,5.549,NaN,NaN
2023-03-11T08:00:00+08:00,5.548,5.678,5.223,5.463,NaN,NaN
2023-03-12T08:00:00+08:00,5.463,5.903,5.36,5.895,NaN,NaN
2023-03-13T08:00:00+08:00,5.894,6.143,5.706,6.1,NaN,NaN
2023-03-14T08:00:00+08:00,6.101,6.537,5.987,6.223,NaN,NaN
2023-03-15T08:00:00+08:00,6.22,6.377,5.777,5.874,NaN,NaN
2023-03-16T08:00:00+08:00,5.873,6.142,5.758,6.088,NaN,NaN
2023-03-17T08:00:00+08:00,6.087,6.631,6.026,6.618,NaN,NaN
2023-03-18T08:00:00+08:00,6.617,6.699,6.283,6.313,NaN,NaN
2023-03-19T08:00:00+08:00,6.314,6.601,6.312,6.451,NaN,NaN
2023-03-20T08:00:00+08:00,6.454,6.485,6.052,6.092,NaN,NaN
2023-03-21T08:00:00+08:00,6.091,6.458,6,6.363,NaN,NaN
2023-03-22T08:00:00+08:00,6.363,6.4,5.911,6.053,NaN,NaN
2023-03-23T08:00:00+08:00,6.054,6.421,5.991,6.321,NaN,NaN
2023-03-24T08:00:00+08:00,6.321,6.341,5.95,6.021,NaN,NaN
2023-03-25T08:00:00+08:00,6.022,6.08,5.83,5.905,NaN,NaN
2023-03-26T08:00:00+08:00,5.905,6.107,5.878,6.042,NaN,NaN
2023-03-27T08:00:00+08:00,6.044,6.115,5.745,5.867,NaN,NaN
2023-03-28T08:00:00+08:00,5.867,6.109,5.787,6.056,NaN,NaN
2023-03-29T08:00:00+08:00,6.057,6.285,6.048,6.183,NaN,NaN
2023-03-30T08:00:00+08:00,6.183,6.295,6.025,6.122,NaN,NaN
2023-03-31T08:00:00+08:00,6.122,6.385,6.101,6.343,NaN,NaN
2023-04-01T08:00:00+08:00,6.343,6.393,6.19,6.344,NaN,NaN
2023-04-02T08:00:00+08:00,6.344,6.446,6.18,6.263,NaN,NaN
2023-04-03T08:00:00+08:00,6.263,6.5,6.09,6.419,NaN,NaN
2023-04-04T08:00:00+08:00,6.419,6.533,6.367,6.439,NaN,NaN
2023-04-05T08:00:00+08:00,6.437,6.586,6.32,6.406,NaN,NaN
2023-04-06T08:00:00+08:00,6.405,6.417,6.256,6.281,NaN,NaN
2023-04-07T08:00:00+08:00,6.28,6.318,6.134,6.178,NaN,NaN
2023-04-08T08:00:00+08:00,6.178,6.235,6.09,6.13,NaN,NaN
2023-04-09T08:00:00+08:00,6.131,6.26,6.097,6.211,NaN,NaN
2023-04-10T08:00:00+08:00,6.212,6.313,6.117,6.291,NaN,NaN
2023-04-11T08:00:00+08:00,6.29,6.49,6.276,6.415,NaN,NaN
2023-04-12T08:00:00+08:00,6.416,6.469,6.214,6.403,NaN,NaN
2023-04-13T08:00:00+08:00,6.404,6.65,6.349,6.634,NaN,NaN
2023-04-14T08:00:00+08:00,6.634,6.865,6.535,6.731,NaN,NaN
2023-04-15T08:00:00+08:00,6.731,6.871,6.633,6.804,NaN,NaN
2023-04-16T08:00:00+08:00,6.803,6.883,6.673,6.824,NaN,NaN
2023-04-17T08:00:00+08:00,6.824,6.834,6.616,6.696,NaN,NaN
2023-04-18T08:00:00+08:00,6.698,7,6.571,6.914,NaN,NaN
2023-04-19T08:00:00+08:00,6.916,6.92,6.24,6.309,NaN,NaN
2023-04-20T08:00:00+08:00,6.309,6.438,6.063,6.111,NaN,NaN
2023-04-21T08:00:00+08:00,6.111,6.171,5.777,5.849,NaN,NaN
2023-04-22T08:00:00+08:00,5.849,5.978,5.82,5.949,NaN,NaN
2023-04-23T08:00:00+08:00,5.949,5.972,5.768,5.906,NaN,NaN
2023-04-24T08:00:00+08:00,5.907,6.029,5.8,5.885,NaN,NaN
2023-04-25T08:00:00+08:00,5.885,6.012,5.778,5.999,NaN,NaN
2023-04-26T08:00:00+08:00,5.999,6.22,5.6,5.852,NaN,NaN
2023-04-27T08:00:00+08:00,5.85,6.052,5.831,5.97,NaN,NaN
2023-04-28T08:00:00+08:00,5.971,5.981,5.771,5.947,NaN,NaN
2023-04-29T08:00:00+08:00,5.947,6.056,5.919,6.041,NaN,NaN
2023-04-30T08:00:00+08:00,6.041,6.087,5.844,5.877,NaN,NaN
2023-05-01T08:00:00+08:00,5.877,5.909,5.596,5.666,NaN,NaN
2023-05-02T08:00:00+08:00,5.666,5.757,5.618,5.713,NaN,NaN
2023-05-03T08:00:00+08:00,5.712,5.812,5.55,5.778,NaN,NaN
2023-05-04T08:00:00+08:00,5.779,5.798,5.619,5.671,NaN,NaN
2023-05-05T08:00:00+08:00,5.671,5.901,5.651,5.847,NaN,NaN
2023-05-06T08:00:00+08:00,5.846,5.894,5.584,5.633,NaN,NaN
2023-05-07T08:00:00+08:00,5.632,5.7,5.601,5.632,NaN,NaN
2023-05-08T08:00:00+08:00,5.632,5.648,5.17,5.369,NaN,NaN
2023-05-09T08:00:00+08:00,5.368,5.412,5.291,5.323,NaN,NaN
2023-05-10T08:00:00+08:00,5.324,5.523,5.209,5.463,NaN,NaN
2023-05-11T08:00:00+08:00,5.463,5.47,5.18,5.278,NaN,NaN
2023-05-12T08:00:00+08:00,5.278,5.35,5.117,5.342,NaN,NaN
2023-05-13T08:00:00+08:00,5.342,5.396,5.313,5.346,NaN,NaN
2023-05-14T08:00:00+08:00,5.347,5.448,5.31,5.347,NaN,NaN
2023-05-15T08:00:00+08:00,5.349,5.431,5.267,5.313,NaN,NaN
2023-05-16T08:00:00+08:00,5.313,5.337,5.232,5.296,NaN,NaN
2023-05-17T08:00:00+08:00,5.297,5.44,5.221,5.422,NaN,NaN
2023-05-18T08:00:00+08:00,5.423,5.467,5.246,5.338,NaN,NaN
2023-05-19T08:00:00+08:00,5.338,5.393,5.313,5.372,NaN,NaN
2023-05-20T08:00:00+08:00,5.372,5.446,5.329,5.409,NaN,NaN
2023-05-21T08:00:00+08:00,5.409,5.433,5.242,5.273,NaN,NaN
2023-05-22T08:00:00+08:00,5.273,5.337,5.224,5.311,NaN,NaN
2023-05-23T08:00:00+08:00,5.312,5.45,5.29,5.401,NaN,NaN
2023-05-24T08:00:00+08:00,5.401,5.405,5.196,5.252,NaN,NaN
2023-05-25T08:00:00+08:00,5.253,5.297,5.14,5.245,NaN,NaN
2023-05-26T08:00:00+08:00,5.245,5.273,5.188,5.245,NaN,NaN
2023-05-27T08:00:00+08:00,5.244,5.375,5.231,5.337,NaN,NaN
2023-05-28T08:00:00+08:00,5.336,5.561,5.316,5.502,NaN,NaN
2023-05-29T08:00:00+08:00,5.502,5.539,5.414,5.459,NaN,NaN
2023-05-30T08:00:00+08:00,5.459,5.53,5.407,5.442,NaN,NaN
2023-05-31T08:00:00+08:00,5.441,5.463,5.269,5.315,NaN,NaN
2023-06-01T08:00:00+08:00,5.315,5.335,5.187,5.206,NaN,NaN
2023-06-02T08:00:00+08:00,5.206,5.435,5.16,5.278,NaN,NaN
2023-06-03T08:00:00+08:00,5.277,5.341,5.24,5.341,NaN,NaN
2023-06-04T08:00:00+08:00,5.341,5.384,5.306,5.314,NaN,NaN
2023-06-05T08:00:00+08:00,5.314,5.322,4.9,5.065,NaN,NaN
2023-06-06T08:00:00+08:00,5.065,5.27,4.985,5.202,NaN,NaN
2023-06-07T08:00:00+08:00,5.202,5.212,4.976,5.024,NaN,NaN
2023-06-08T08:00:00+08:00,5.024,5.058,4.977,5.023,NaN,NaN
2023-06-09T08:00:00+08:00,5.023,5.07,4.93,4.982,NaN,NaN
2023-06-10T08:00:00+08:00,4.982,4.986,4.2,4.517,NaN,NaN
2023-06-11T08:00:00+08:00,4.516,4.553,4.424,4.523,NaN,NaN
2023-06-12T08:00:00+08:00,4.523,4.556,4.411,4.535,NaN,NaN
2023-06-13T08:00:00+08:00,4.535,4.721,4.495,4.627,NaN,NaN
2023-06-14T08:00:00+08:00,4.627,4.802,4.505,4.569,NaN,NaN
2023-06-15T08:00:00+08:00,4.568,4.62,4.272,4.374,NaN,NaN
2023-06-16T08:00:00+08:00,4.375,4.468,4.276,4.422,NaN,NaN
2023-06-17T08:00:00+08:00,4.423,4.567,4.396,4.53,NaN,NaN
2023-06-18T08:00:00+08:00,4.53,4.667,4.478,4.536,NaN,NaN
2023-06-19T08:00:00+08:00,4.537,4.588,4.433,4.53,NaN,NaN
2023-06-20T08:00:00+08:00,4.53,4.678,4.374,4.662,NaN,NaN
2023-06-21T08:00:00+08:00,4.662,4.92,4.635,4.821,NaN,NaN
2023-06-22T08:00:00+08:00,4.821,4.976,4.745,4.825,NaN,NaN
2023-06-23T08:00:00+08:00,4.824,5.138,4.82,5.098,NaN,NaN
2023-06-24T08:00:00+08:00,5.098,5.139,4.905,5.008,NaN,NaN
2023-06-25T08:00:00+08:00,5.008,5.246,5.002,5.194,NaN,NaN
2023-06-26T08:00:00+08:00,5.194,5.238,5,5.024,NaN,NaN
2023-06-27T08:00:00+08:00,5.024,5.154,4.997,5.096,NaN,NaN
2023-06-28T08:00:00+08:00,5.095,5.099,4.746,4.879,NaN,NaN
2023-06-29T08:00:00+08:00,4.881,5.236,4.87,4.985,NaN,NaN
2023-06-30T08:00:00+08:00,4.986,5.2,4.789,5.18,NaN,NaN
2023-07-01T08:00:00+08:00,5.18,5.392,5.112,5.351,NaN,NaN
2023-07-02T08:00:00+08:00,5.351,5.53,5.224,5.496,NaN,NaN
2023-07-03T08:00:00+08:00,5.495,5.635,5.377,5.431,NaN,NaN
2023-07-04T08:00:00+08:00,5.429,5.513,5.256,5.348,NaN,NaN
2023-07-05T08:00:00+08:00,5.348,5.38,5.117,5.208,NaN,NaN
2023-07-06T08:00:00+08:00,5.207,5.368,5.01,5.014,NaN,NaN
2023-07-07T08:00:00+08:00,5.015,5.179,4.975,5.119,NaN,NaN
2023-07-08T08:00:00+08:00,5.119,5.196,5.055,5.128,NaN,NaN
2023-07-09T08:00:00+08:00,5.126,5.16,5.062,5.081,NaN,NaN
2023-07-10T08:00:00+08:00,5.081,5.23,4.98,5.131,NaN,NaN
2023-07-11T08:00:00+08:00,5.13,5.217,5.089,5.214,NaN,NaN
2023-07-12T08:00:00+08:00,5.213,5.31,5.1,5.147,NaN,NaN
2023-07-13T08:00:00+08:00,5.146,5.55,5.096,5.545,NaN,NaN
2023-07-14T08:00:00+08:00,5.544,5.76,5.3,5.451,NaN,NaN
2023-07-15T08:00:00+08:00,5.451,5.564,5.383,5.432,NaN,NaN
2023-07-16T08:00:00+08:00,5.432,5.448,5.256,5.311,NaN,NaN
2023-07-17T08:00:00+08:00,5.311,5.416,5.173,5.304,NaN,NaN
2023-07-18T08:00:00+08:00,5.303,5.391,5.1,5.181,NaN,NaN
2023-07-19T08:00:00+08:00,5.179,5.257,5.129,5.193,NaN,NaN
2023-07-20T08:00:00+08:00,5.191,5.488,5.184,5.355,NaN,NaN
2023-07-21T08:00:00+08:00,5.355,5.71,5.337,5.485,NaN,NaN
2023-07-22T08:00:00+08:00,5.486,5.518,5.266,5.314,NaN,NaN
2023-07-23T08:00:00+08:00,5.315,5.493,5.275,5.412,NaN,NaN
2023-07-23T08:00:00+08:00,4.315,5.493,5.275,5.412,NaN,NaN
2023-07-23T08:00:00+08:00,3.315,5.493,5.275,5.412,NaN,NaN
2023-07-23T08:00:00+08:00,2.315,5.493,5.275,5.412,NaN,NaN
